{
  "item_grid": {
    "type": "array",
    "orientation": "vertical",
    "content": [
      {
        "type": "itemgrid",
        "h_alignment": "left",
        "item_margin": "1,3",
        "rows": [
          [
            "Marine",
            "Stimpack (Marine)",
            "Combat Shield (Marine)",
            "Laser Targeting System (Marine)",
            "Magrail Munitions (Marine)",
            "Optimized Logistics (Marine)",
            "",
            "",
            "",
            ""
          ],
          [
            "Medic",
            "Advanced Medic Facilities (Medic)",
            "Stabilizer Medpacks (Medic)",
            "Restoration (Medic)",
            "Optical Flare (Medic)",
            "Optimized Logistics (Medic)",
            "",
            "",
            "",
            ""
          ],
          [
            "Firebat",
            "Incinerator Gauntlets (Firebat)",
            "Juggernaut Plating (Firebat)",
            "Stimpack (Firebat)",
            "Optimized Logistics (Firebat)",
            "",
            "",
            "",
            "",
            ""
          ],
          [
            "Marauder",
            "Concussive Shells (Marauder)",
            "Kinetic Foam (Marauder)",
            "Stimpack (Marauder)",
            "Laser Targeting System (Marauder)",
            "Magrail Munitions (Marauder)",
            "Internal Tech Module (Marauder)",
            "",
            "",
            ""
          ],
          [
            "Reaper",
            "U-238 Rounds (Reaper)",
            "G-4 Clusterbomb (Reaper)",
            "Stimpack (Reaper)",
            "Laser Targeting System (Reaper)",
            "Cloak (Reaper)",
            "Spider Mines (Reaper)",
            "Combat Drugs (Reaper)",
            "",
            ""
          ],
          [
            "Ghost",
            "Ocular Implants (Ghost)",
            "Crius Suit (Ghost)",
            "EMP Rounds (Ghost)",
            "Lockdown (Ghost)",
            "",
            "",
            "",
            "",
            ""
          ],
          [
            "Spectre",
            "Psionic Lash (Spectre)",
            "Nyx-Class Cloaking Module (Spectre)",
            "Impaler Rounds (Spectre)",
            "",
            "",
            "",
            "",
            "",
            ""
          ],
          [
            "Hellion",
            "Twin-Linked Flamethrower (Hellion)",
            "Thermite Filaments (Hellion)",
            "Hellbat Aspect (Hellion)",
            "Smart Servos (Hellion)",
            "Optimized Logistics (Hellion)",
            "Jump Jets (Hellion)",
            "Stimpack (Hellion)",
            "",
            ""
          ],
          [
            "Vulture",
            "Replenishable Magazine (Vulture)",
            "Ion Thrusters (Vulture)",
            "Auto Launchers (Vulture)",
            "",
            "",
            "Cerberus Mine (Spider Mine)",
            "High Explosive Munition (Spider Mine)",
            "",
            ""
          ],
          [
            "Goliath",
            "Multi-Lock Weapons System (Goliath)",
            "Ares-Class Targeting System (Goliath)",
            "Jump Jets (Goliath)",
            "Optimized Logistics (Goliath)",
            "",
            "",
            "",
            "",
            ""
          ],
          [
            "Diamondback",
            "Tri-Lithium Power Cell (Diamondback)",
            "Shaped Hull (Diamondback)",
            "Hyperfluxor (Diamondback)",
            "Burst Capacitors (Diamondback)",
            "Optimized Logistics (Diamondback)",
            "",
            "",
            "",
            ""
          ],
          [
            "Siege Tank",
            "Maelstrom Rounds (Siege Tank)",
            "Shaped Blast (Siege Tank)",
            "Jump Jets (Siege Tank)",
            "Spider Mines (Siege Tank)",
            "Smart Servos (Siege Tank)",
            "Graduating Range (Siege Tank)",
            "Laser Targeting System (Siege Tank)",
            "Advanced Siege Tech (Siege Tank)",
            "Internal Tech Module (Siege Tank)"
          ],
          [
            "Thor",
            "330mm Barrage Cannon (Thor)",
            "Immortality Protocol (Thor)",
            "Progressive High Impact Payload (Thor)",
            "",
            "",
            "",
            "",
            "",
            ""
          ],
          [
            "Predator",
            "Optimized Logistics (Predator)",
            "",
            "",
            "",
            "",
            "",
            "",
            "",
            ""
          ],
          [
            "Widow Mine",
            "Drilling Claws (Widow Mine)",
            "Concealment (Widow Mine)",
            "Black Market Launchers (Widow Mine)",
            "Executioner Missiles (Widow Mine)",
            "",
            "",
            "",
            "",
            ""
          ],
          [
            "Cyclone",
            "Mag-Field Accelerators (Cyclone)",
            "Mag-Field Launchers (Cyclone)",
            "Targeting Optics (Cyclone)",
            "Rapid Fire Launchers (Cyclone)",
            "",
            "",
            "",
            "",
            ""
          ],
          [
            "Medivac",
            "Rapid Deployment Tube (Medivac)",
            "Advanced Healing AI (Medivac)",
            "Expanded Hull (Medivac)",
            "Afterburners (Medivac)",
            "",
            "",
            "",
            "",
            ""
          ],
          [
            "Wraith",
            "Tomahawk Power Cells (Wraith)",
            "Displacement Field (Wraith)",
            "Advanced Laser Tech (Wraith)",
            "",
            "",
            "",
            "",
            "",
            ""
          ],
          [
            "Viking",
            "Ripwave Missiles (Viking)",
            "Phobos-Class Weapons System (Viking)",
            "Smart Servos (Viking)",
            "Magrail Munitions (Viking)",
            "",
            "",
            "",
            "",
            ""
          ],
          [
            "Banshee",
            "Progressive Cross-Spectrum Dampeners (Banshee)",
            "Shockwave Missile Battery (Banshee)",
            "Hyperflight Rotors (Banshee)",
            "Laser Targeting System (Banshee)",
            "Internal Tech Module (Banshee)",
            "",
            "",
            "",
            ""
          ],
          [
            "Battlecruiser",
            "Missile Pods (Battlecruiser)",
            "Defensive Matrix (Battlecruiser)",
            "Tactical Jump (Battlecruiser)",
            "Cloak (Battlecruiser)",
            "ATX Laser Battery (Battlecruiser)",
            "Optimized Logistics (Battlecruiser)",
            "Internal Tech Module (Battlecruiser)",
            "",
            ""
          ],
          [
            "Raven",
            "Bio Mechanical Repair Drone (Raven)",
            "Spider Mines (Raven)",
            "Railgun Turret (Raven)",
            "Hunter-Seeker Weapon (Raven)",
            "Interference Matrix (Raven)",
            "Anti-Armor Missile (Raven)",
            "Internal Tech Module (Raven)",
            "",
            ""
          ],
          [
            "Science Vessel",
            "EMP Shockwave (Science Vessel)",
            "Defensive Matrix (Science Vessel)",
            "",
            "",
            "",
            "",
            "",
            "",
            ""
          ],
          [
            "Hercules",
            "",
            "",
            "",
            "",
            "",
            "",
            "",
            "",
            ""
          ],
          [
            "Liberator",
            "Advanced Ballistics (Liberator)",
            "Raid Artillery (Liberator)",
            "Cloak (Liberator)",
            "Laser Targeting System (Liberator)",
            "Optimized Logistics (Liberator)",
            "",
            "",
            "",
            ""
          ],
          [
            "Valkyrie",
            "Enhanced Cluster Launchers (Valkyrie)",
            "Shaped Hull (Valkyrie)",
            "Burst Lasers (Valkyrie)",
            "Afterburners (Valkyrie)",
            "",
            "",
            "",
            "",
            ""
          ],
          [
            "War Pigs",
            "Devil Dogs",
            "Hammer Securities",
            "Spartan Company",
            "Siege Breakers",
            "Hel's Angel",
            "Dusk Wings",
            "Jackson's Revenge",
            "",
            ""
          ],
          [
            "Zealot",
            "Stalker",
            "High Templar",
            "Dark Templar",
            "Immortal",
            "Colossus",
            "Phoenix",
            "Void Ray",
            "Carrier",
            ""
          ],
          [
            "Progressive Infantry Weapons",
            "Progressive Infantry Armor",
            "Progressive Vehicle Weapons",
            "Progressive Vehicle Armor",
            "Progressive Ship Weapons",
            "Progressive Ship Armor",
            "",
            "",
            "Ultra-Capacitors",
            "Vanadium Plating"
          ],
          [
            "Bunker",
            "Projectile Accelerator (Bunker)",
            "Neosteel Bunker (Bunker)",
            "Shrike Turret (Bunker)",
            "Fortified Bunker (Bunker)",
            "",
            "",
            "Missile Turret",
            "Titanium Housing (Missile Turret)",
            "Hellstorm Batteries (Missile Turret)"
          ],
          [
            "Orbital Command (Building)",
            "Command Center Reactor",
            "Planetary Fortress",
            "",
            "Advanced Construction (SCV)",
            "Dual-Fusion Welders (SCV)",
            "",
            "Micro-Filtering",
            "Automated Refinery",
            ""
          ],
          [
            "Tech Reactor",
            "",
            "Orbital Depots",
            "",
            "Sensor Tower",
            "",
            "Perdition Turret",
            "",
            "Hive Mind Emulator",
            "Psi Disrupter"
          ],
          [
            "Fire-Suppression System (Building)",
            "",
            "Orbital Strike",
            "",
            "Cellular Reactor",
            "",
            "Progressive Regenerative Bio-Steel",
            "",
            "minerals",
            "vespene"
          ]
        ]
      }
    ]
  }
}