{
  "main_options": {
    "type": "array",
    "orientation": "vertical",
    "item_margin": "1,2",
    "content": [
      {
        "type": "item",
        "item": "advanced_tactics",
        "width": 200,
        "height": 16
      },
      {
        "type": "item",
        "item": "all_in_ground",
        "width": 200,
        "height": 16
      }
    ]
  },
  "mission_options": {
    "type": "array",
    "orientation": "vertical",
    "item_margin": "1,2",
    "content": [
      {
        "type": "item",
        "item": "protoss_missions",
        "width": 200,
        "height": 16
      },
      {
        "type": "item",
        "item": "nobuild_missions",
        "width": 200,
        "height": 16
      }
    ]
  },
  "location_options": {
    "type": "array",
    "orientation": "vertical",
    "item_margin": "1,2",
    "content": [
      {
        "type": "item",
        "item": "mission_progress_locations",
        "width": 200,
        "height": 16
      },
      {
        "type": "item",
        "item": "bonus_locations",
        "width": 200,
        "height": 16
      },
      {
        "type": "item",
        "item": "challenge_locations",
        "width": 200,
        "height": 16
      },
      {
        "type": "item",
        "item": "optional_boss_locations",
        "width": 200,
        "height": 16
      }
    ]
  },
  "options_popup": {
    "type": "tabbed",
    "tabs": [
      {
        "title": "Main",
        "content": {
          "type": "layout",
          "key": "main_options",
          "h_alignment": "left"
        }
      },
      {
        "title": "Missions",
        "content": {
          "type": "layout",
          "key": "mission_options",
          "h_alignment": "left"
        }
      },
      {
        "title": "Locations",
        "content": {
          "type": "layout",
          "key": "location_options",
          "h_alignment": "left"
        }
      }
    ]
  }
}