[
  {
    "name": "logic",
    "sections": [
      {
        "name": "Has Common Unit",
        "access_rules": [
          "Marine",
          "Marauder",
          "Goliath",
          "Hellion",
          "Vulture",
          "Advanced Tactics, Reaper",
          "Advanced Tactics, Diamondback",
          "Advanced Tactics, Viking"
        ],
        "item_count": 1
      },
      {
        "name": "Has Air",
        "access_rules": [
          "Viking",
          "Wraith",
          "Banshee",
          "Battlecruiser",
          "Advanced Tactics, Medivac, @logic/Has Common Unit",
          "Advanced Tactics, Hercules, @logic/Has Common Unit",
          "Advanced Tactics, Viking"
        ],
        "item_count": 1
      },
      {
        "name": "Has Air Anti-Air",
        "access_rules": [
          "Viking",
          "Wraith, Advanced Laser Technology (Wraith)",
          "Battlecruiser, ATX Laser Battery (Battlecruiser)",
          "Advanced Tactics, Wraith",
          "Advanced Tactics, Valkyrie",
          "Advanced Tactics, Battlecruiser"
        ],
        "item_count": 1
      },
      {
        "name": "Has Competent Ground-to-Air",
        "access_rules": [
          "Goliath",
          "Marine, Medic",
          "Marine, Medivac",
          "Advanced Tactics, Cyclone"
        ],
        "item_count": 1
      },
      {
        "name": "Has Competent Anti-Air",
        "access_rules": [
          "@logic/Has Air Anti-Air",
          "@logic/Has Competent Ground-to-Air"
        ],
        "item_count": 1
      },
      {
        "name": "Welcome to the Jungle Requirements",
        "access_rules": [
          "@logic/Has Common Unit, @logic/Has Competent Ground-to-Air",
          "Advanced Tactics, Marine, @logic/Has Air Anti-Air",
          "Advanced Tactics, Vulture, @logic/Has Air Anti-Air"
        ],
        "item_count": 1
      },
      {
        "name": "Has Anti-Air",
        "access_rules": [
          "Missile Turret",
          "Thor",
          "War Pigs",
          "Spartan Company",
          "Hel's Angel",
          "Battlecruiser",
          "Marine",
          "Wraith",
          "Valkyrie",
          "Cyclone",
          "@logic/Has Competent Anti-Air",
          "Advanced Tactics, Ghost",
          "Advanced Tactics, Spectre",
          "Advanced Tactics, Widow Mine",
          "Advanced Tactics, Liberator"
        ],
        "item_count": 1
      },
      {
        "name": "Has Competent Comp",
        "access_rules": [
          "Marine, Medic, @logic/Has Competent Anti-Air",
          "Marine, Medivac, @logic/Has Competent Anti-Air",
          "Marauder, Medic, @logic/Has Competent Anti-Air",
          "Marauder, Medivac, @logic/Has Competent Anti-Air",
          "Thor, @logic/Has Competent Anti-Air",
          "Banshee, @logic/Has Competent Anti-Air",
          "Siege Tank, @logic/Has Competent Anti-Air",
          "Liberator, Raid Artillery (Liberator), @logic/Has Competent Anti-Air",
          "Battlecruiser, @logic/Has Common Unit"
        ],
        "item_count": 1
      },
      {
        "name": "Has Train Killers",
        "access_rules": [
          "Siege Tank",
          "Diamondback",
          "Marauder",
          "Cyclone",
          "Advanced Tactics, Reaper, G-4 Clusterbomb (Reaper)",
          "Advanced Tactics, Spectre, Psionic Lash (Spectre)",
          "Advanced Tactics, Vulture",
          "Advanced Tactics, Liberator"
        ],
        "item_count": 1
      },
      {
        "name": "Able to Rescue",
        "access_rules": [
          "Medivac",
          "Hercules",
          "Raven",
          "Viking",
          "Advanced Tactics"
        ],
        "item_count": 1
      },
      {
        "name": "Has Protoss Common Units",
        "access_rules": [
          "Zealot",
          "Immortal",
          "Stalker",
          "Dark Templar",
          "Advanced Tactics, High Templar"
        ],
        "item_count": 1
      },
      {
        "name": "Has Protoss Medium Units",
        "access_rules": [
          "Stalker, @logic/Has Protoss Common Units",
          "Void Ray, @logic/ Protoss Common Units",
          "Carrier, @logic/Has Protoss Common Units",
          "Advanced Tactics, Dark Templar, @logic/Has Protoss Common Units"
        ],
        "item_count": 1
      },
      {
        "name": "Beats Protoss Deathball",
        "access_rules": [
          "Banshee, @logic/Has Competent Anti-Air",
          "Battlecruiser, @logic/Has Competent Anti-Air",
          "Liberator, Raid Artillery (Liberator), @logic/Has Competent Anti-Air",
          "@logic/Has Competent Comp, @logic/Has Air Anti-Air"
        ],
        "item_count": 1
      },
      {
        "name": "Has MM Upgrade",
        "access_rules": [
          "Combat Shield (Marine)",
          "Stabilizer Medpacks (Medic)"
        ],
        "item_count": 1
      },
      {
        "name": "Survives Rip Field",
        "access_rules": [
          "Battlecruiser",
          "@logic/Has Air, @logic/Has Competent Anti-Air, Science Vessel"
        ],
        "item_count": 1
      },
      {
        "name": "Has Nukes",
        "access_rules": [
          "Advanced Tactics, Ghost",
          "Advanced Tactics, Spectre"
        ],
        "item_count": 1
      },
      {
        "name": "Can Respond to Colony Infestations",
        "access_rules": [
          "Battlecruiser, @logic/Has Common Unit, @logic/Has Competent Anti-Air",
          "Valkyrie, @logic/Has Common Unit, @logic/Has Competent Anti-Air",
          "@logic/Has Air Anti-Air, @logic/Has Common Unit, @logic/Has Competent Anti-Air"
        ],
        "item_count": 1
      },
      {
        "name": "Beats Kerrigan",
        "access_rules": [
          "Marine",
          "Banshee",
          "Ghost",
          "Advanced Tactics"
        ], 
        "item_count": 1
      }
    ]
  }
]