[
  {
    "name": "Liberation Day",
    "sections": [
      {
        "name": "Victory",
        "access_rules": [],
        "visibility_rules": [],
        "item_count": 1
      },
      {
        "name": "First Statue",
        "access_rules": [],
        "visibility_rules": [
          "bonus_checks"
        ],
        "item_count": 1
      },
      {
        "name": "Second Statue",
        "access_rules": [],
        "visibility_rules": [
          "bonus_checks"
        ],
        "item_count": 1
      },
      {
        "name": "Third Statue",
        "access_rules": [],
        "visibility_rules": [
          "bonus_checks"
        ],
        "item_count": 1
      },
      {
        "name": "Fourth Statue",
        "access_rules": [],
        "visibility_rules": [
          "bonus_checks"
        ],
        "item_count": 1
      },
      {
        "name": "Fifth Statue",
        "access_rules": [],
        "visibility_rules": [
          "bonus_checks"
        ],
        "item_count": 1
      },
      {
        "name": "Sixth Statue",
        "access_rules": [],
        "visibility_rules": [
          "bonus_checks"
        ],
        "item_count": 1
      },
      {
        "name": "Special Delivery",
        "access_rules": [],
        "visibility_rules": [
          "mission_progress_checks"
        ],
        "item_count": 1
      }
    ],
    "map_locations": [
      {
        "map": "wol",
        "visibility_rules": [
          "nobuild_missions_on"
        ],
        "size": 20,
        "x": 103,
        "y": 139
      }
    ]
  },
  {
    "name": "The Outlaws",
    "sections": [
      {
        "name": "Victory",
        "access_rules": [
          "@logic/Has Common Unit"
        ],
        "visibility_rules": [],
        "item_count": 1
      },
      {
        "name": "Rebel Base",
        "access_rules": [
          "@logic/Has Common Unit"
        ],
        "visibility_rules": [
          "bonus_checks"
        ],
        "item_count": 1
      },
      {
        "name": "North Resource Pickups",
        "access_rules": [],
        "visibility_rules": [
          "bonus_checks"
        ],
        "item_count": 1
      },
      {
        "name": "Bunker",
        "access_rules": [
          "@logic/Has Common Unit"
        ],
        "visibility_rules": [
          "mission_progress_checks"
        ],
        "item_count": 1
      }
    ],
    "map_locations": [
      {
        "map": "wol",
        "visibility_rules": [],
        "size": 20,
        "x": 103,
        "y": 247
      }
    ]
  },
  {
    "name": "Zero Hour",
    "sections": [
      {
        "name": "Victory",
        "access_rules": [
          "$defenseRating|2|true|true|false, @logic/Has Common Unit, Advanced Tactics",
          "$defenseRating|2|true|true|false, @logic/Has Common Unit, @logic/Has Anti-Air"
        ],
        "visibility_rules": [],
        "item_count": 1
      },
      {
        "name": "First Group Rescued",
        "access_rules": [],
        "visibility_rules": [
          "bonus_checks"
        ],
        "item_count": 1
      },
      {
        "name": "Second Group Rescued",
        "access_rules": [
          "@logic/Has Common Unit"
        ],
        "visibility_rules": [
          "bonus_checks"
        ],
        "item_count": 1
      },
      {
        "name": "Third Group Rescued",
        "access_rules": [
          "@logic/Has Common Unit, $defenseRating|2|true|true|false"
        ],
        "visibility_rules": [
          "bonus_checks"
        ],
        "item_count": 1
      },
      {
        "name": "First Hatchery",
        "access_rules": [
          "@logic/Has Competent Comp"
        ],
        "visibility_rules": [
          "challenge_checks"
        ],
        "item_count": 1
      },
      {
        "name": "Second Hatchery",
        "access_rules": [
          "@logic/Has Competent Comp"
        ],
        "visibility_rules": [
          "challenge_checks"
        ],
        "item_count": 1
      },
      {
        "name": "Third Hatchery",
        "access_rules": [
          "@logic/Has Competent Comp"
        ],
        "visibility_rules": [
          "challenge_checks"
        ],
        "item_count": 1
      },
      {
        "name": "Fourth Hatchery",
        "access_rules": [
          "@logic/Has Competent Comp"
        ],
        "visibility_rules": [
          "challenge_checks"
        ],
        "item_count": 1
      }
    ],
    "map_locations": [
      {
        "map": "wol",
        "visibility_rules": [],
        "size": 20,
        "x": 103,
        "y": 355
      }
    ]
  },
  {
    "name": "Evacuation",
    "sections": [
      {
        "name": "Victory",
        "access_rules": [
          "@logic/Has Common Unit, @logic/Has Competent Anti-Air",
          "@logic/Has Common Unit, @logic/Has Anti-Air, Advanced Tactics"
        ],
        "visibility_rules": [],
        "item_count": 1
      },
      {
        "name": "North Chrysalis",
        "access_rules": [],
        "visibility_rules": [
          "bonus_checks"
        ],
        "item_count": 1
      },
      {
        "name": "West Chrysalis",
        "access_rules": [
          "@logic/Has Common Unit"
        ],
        "visibility_rules": [
          "bonus_checks"
        ],
        "item_count": 1
      },
      {
        "name": "East Chrysalis",
        "access_rules": [
          "@logic/Has Common Unit"
        ],
        "visibility_rules": [
          "bonus_checks"
        ],
        "item_count": 1
      },
      {
        "name": "Reach Hanson",
        "access_rules": [],
        "visibility_rules": [
          "mission_progress_checks"
        ],
        "item_count": 1
      },
      {
        "name": "Secret Resource Stash",
        "access_rules": [],
        "visibility_rules": [
          "bonus_checks"
        ],
        "item_count": 1
      },
      {
        "name": "Flawless",
        "access_rules": [
          "@logic/Has Common Unit, @logic/Has Competent Anti-Air, $defenseRating|2|true|false|false",
          "@logic/Has Common Unit, @logic/Has Anti-Air, Advanced Tactics, $defenseRating|2|true|false|false"
        ],
        "visibility_rules": [
          "challenge_checks"
        ],
        "item_count": 1
      }
    ],
    "map_locations": [
      {
        "map": "wol",
        "visibility_rules": [],
        "size": 20,
        "x": 282,
        "y": 139
      }
    ]
  },
  {
    "name": "Outbreak",
    "sections": [
      {
        "name": "Victory",
        "access_rules": [
          "$defenseRating|4|true|false|false, @logic/Has Common Unit",
          "$defenseRating|4|true|false|false, Reaper"
        ],
        "visibility_rules": [],
        "item_count": 1
      },
      {
        "name": "Left Infestor",
        "access_rules": [
          "$defenseRating|2|true|false|false, @logic/Has Common Unit",
          "$defenseRating|2|true|false|false, Reaper"
        ],
        "visibility_rules": [
          "bonus_checks"
        ],
        "item_count": 1
      },
      {
        "name": "Right Infestor",
        "access_rules": [
          "$defenseRating|2|true|false|false, @logic/Has Common Unit",
          "$defenseRating|2|true|false|false, Reaper"
        ],
        "visibility_rules": [
          "bonus_checks"
        ],
        "item_count": 1
      },
      {
        "name": "North Infested Command Center",
        "access_rules": [
          "$defenseRating|2|true|false|false, @logic/Has Common Unit",
          "$defenseRating|2|true|false|false, Reaper"
        ],
        "visibility_rules": [
          "mission_progress_checks"
        ],
        "item_count": 1
      },
      {
        "name": "South Infested Command Center",
        "access_rules": [
          "$defenseRating|2|true|false|false, @logic/Has Common Unit",
          "$defenseRating|2|true|false|false, Reaper"
        ],
        "visibility_rules": [
          "mission_progress_checks"
        ],
        "item_count": 1
      },
      {
        "name": "Northwest Bar",
        "access_rules": [
          "$defenseRating|2|true|false|false, @logic/Has Common Unit",
          "$defenseRating|2|true|false|false, Reaper"
        ],
        "visibility_rules": [
          "mission_progress_checks"
        ],
        "item_count": 1
      },
      {
        "name": "North Bar",
        "access_rules": [
          "$defenseRating|2|true|false|false, @logic/Has Common Unit",
          "$defenseRating|2|true|false|false, Reaper"
        ],
        "visibility_rules": [
          "mission_progress_checks"
        ],
        "item_count": 1
      },
      {
        "name": "South Bar",
        "access_rules": [
          "$defenseRating|2|true|false|false, @logic/Has Common Unit",
          "$defenseRating|2|true|false|false, Reaper"
        ],
        "visibility_rules": [
          "mission_progress_checks"
        ],
        "item_count": 1
      }
    ],
    "map_locations": [
      {
        "map": "wol",
        "visibility_rules": [],
        "size": 20,
        "x": 282,
        "y": 247
      }
    ]
  },
  {
    "name": "Safe Haven",
    "sections": [
      {
        "name": "Victory",
        "access_rules": [
          "@logic/Has Common Unit, @logic/Has Competent Anti-Air"
        ],
        "visibility_rules": [],
        "item_count": 1
      },
      {
        "name": "North Nexus",
        "access_rules": [
          "@logic/Has Common Unit, @logic/Has Competent Anti-Air"
        ],
        "visibility_rules": [
          "mission_progress_checks"
        ],
        "item_count": 1
      },
      {
        "name": "East Nexus",
        "access_rules": [
          "@logic/Has Common Unit, @logic/Has Competent Anti-Air"
        ],
        "visibility_rules": [
          "mission_progress_checks"
        ],
        "item_count": 1
      },
      {
        "name": "South Nexus",
        "access_rules": [
          "@logic/Has Common Unit, @logic/Has Competent Anti-Air"
        ],
        "visibility_rules": [
          "mission_progress_checks"
        ],
        "item_count": 1
      },
      {
        "name": "First Terror Fleet",
        "access_rules": [
          "@logic/Has Common Unit, @logic/Has Competent Anti-Air"
        ],
        "visibility_rules": [
          "bonus_checks"
        ],
        "item_count": 1
      },
      {
        "name": "Second Terror Fleet",
        "access_rules": [
          "@logic/Has Common Unit, @logic/Has Competent Anti-Air"
        ],
        "visibility_rules": [
          "bonus_checks"
        ],
        "item_count": 1
      },
      {
        "name": "Third Terror Fleet",
        "access_rules": [
          "@logic/Has Common Unit, @logic/Has Competent Anti-Air"
        ],
        "visibility_rules": [
          "bonus_checks"
        ],
        "item_count": 1
      }
    ],
    "map_locations": [
      {
        "map": "wol",
        "visibility_rules": [],
        "size": 20,
        "x": 282,
        "y": 355
      }
    ]
  },
  {
    "name": "Haven's Fall",
    "sections": [
      {
        "name": "Victory",
        "access_rules": [
          "@logic/Has Common Unit, @logic/Has Competent Anti-Air, $defenseRating|3|true|true|false"
        ],
        "visibility_rules": [],
        "item_count": 1
      },
      {
        "name": "North Hive",
        "access_rules": [
          "@logic/Has Common Unit, @logic/Has Competent Anti-Air, $defenseRating|3|true|true|false"
        ],
        "visibility_rules": [
          "mission_progress_checks"
        ],
        "item_count": 1
      },
      {
        "name": "East Hive",
        "access_rules": [
          "@logic/Has Common Unit, @logic/Has Competent Anti-Air, $defenseRating|3|true|true|false"
        ],
        "visibility_rules": [
          "mission_progress_checks"
        ],
        "item_count": 1
      },
      {
        "name": "South Hive",
        "access_rules": [
          "@logic/Has Common Unit, @logic/Has Competent Anti-Air, $defenseRating|3|true|true|false"
        ],
        "visibility_rules": [
          "mission_progress_checks"
        ],
        "item_count": 1
      },
      {
        "name": "Northeast Colony Base",
        "access_rules": [
          "@logic/Can Respond to Colony Infestations"
        ],
        "visibility_rules": [
          "challenge_checks"
        ],
        "item_count": 1
      },
      {
        "name": "East Colony Base",
        "access_rules": [
          "@logic/Can Respond to Colony Infestations"
        ],
        "visibility_rules": [
          "challenge_checks"
        ],
        "item_count": 1
      },
      {
        "name": "Middle Colony Base",
        "access_rules": [
          "@logic/Can Respond to Colony Infestations"
        ],
        "visibility_rules": [
          "challenge_checks"
        ],
        "item_count": 1
      },
      {
        "name": "Southeast Colony Base",
        "access_rules": [
          "@logic/Can Respond to Colony Infestations"
        ],
        "visibility_rules": [
          "challenge_checks"
        ],
        "item_count": 1
      },
      {
        "name": "Southwest Colony Base",
        "access_rules": [
          "@logic/Can Respond to Colony Infestations"
        ],
        "visibility_rules": [
          "challenge_checks"
        ],
        "item_count": 1
      }
    ],
    "map_locations": [
      {
        "map": "wol",
        "visibility_rules": [],
        "size": 20,
        "x": 282,
        "y": 463
      }
    ]
  },
  {
    "name": "Smash and Grab",
    "sections": [
      {
        "name": "Victory",
        "access_rules": [
          "@logic/Has Common Unit, @logic/Has Competent Anti-Air",
          "@logic/Has Common Unit, @logic/Has Anti-Air, Advanced Tactics"
        ],
        "visibility_rules": [],
        "item_count": 1
      },
      {
        "name": "First Relic",
        "access_rules": [],
        "visibility_rules": [
          "bonus_checks"
        ],
        "item_count": 1
      },
      {
        "name": "Second Relic",
        "access_rules": [],
        "visibility_rules": [
          "bonus_checks"
        ],
        "item_count": 1
      },
      {
        "name": "Third Relic",
        "access_rules": [
          "@logic/Has Common Unit, @logic/Has Competent Anti-Air",
          "@logic/Has Common Unit, @logic/Has Anti-Air, Advanced Tactics"
        ],
        "visibility_rules": [
          "bonus_checks"
        ],
        "item_count": 1
      },
      {
        "name": "Fourth Relic",
        "access_rules": [
          "@logic/Has Common Unit, @logic/Has Competent Anti-Air",
          "@logic/Has Common Unit, @logic/Has Anti-Air, Advanced Tactics"
        ],
        "visibility_rules": [
          "bonus_checks"
        ],
        "item_count": 1
      },
      {
        "name": "First Forcefield Area Busted",
        "access_rules": [
          "@logic/Has Common Unit, @logic/Has Competent Anti-Air",
          "@logic/Has Common Unit, @logic/Has Anti-Air, Advanced Tactics"
        ],
        "visibility_rules": [
          "mission_progress_checks"
        ],
        "item_count": 1
      },
      {
        "name": "Second Forcefield Area Busted",
        "access_rules": [
          "@logic/Has Common Unit, @logic/Has Competent Anti-Air",
          "@logic/Has Common Unit, @logic/Has Anti-Air, Advanced Tactics"
        ],
        "visibility_rules": [
          "mission_progress_checks"
        ],
        "item_count": 1
      }
    ],
    "map_locations": [
      {
        "map": "wol",
        "visibility_rules": [],
        "size": 20,
        "x": 461,
        "y": 139
      }
    ]
  },
  {
    "name": "The Dig",
    "sections": [
      {
        "name": "Victory",
        "access_rules": [
          "@logic/Has Anti-Air, $defenseRating|7|false|true|false"
        ],
        "visibility_rules": [],
        "item_count": 1
      },
      {
        "name": "Left Relic",
        "access_rules": [
          "$defenseRating|5|false|true|false"
        ],
        "visibility_rules": [
          "bonus_checks"
        ],
        "item_count": 1
      },
      {
        "name": "Right Ground Relic",
        "access_rules": [
          "$defenseRating|5|false|true|false"
        ],
        "visibility_rules": [
          "bonus_checks"
        ],
        "item_count": 1
      },
      {
        "name": "Right Cliff Relic",
        "access_rules": [
          "$defenseRating|5|false|true|false"
        ],
        "visibility_rules": [
          "bonus_checks"
        ],
        "item_count": 1
      },
      {
        "name": "Moebius Base",
        "access_rules": [],
        "visibility_rules": [
          "mission_progress_checks"
        ],
        "item_count": 1
      }
    ],
    "map_locations": [
      {
        "map": "wol",
        "visibility_rules": [],
        "size": 20,
        "x": 461,
        "y": 247
      }
    ]
  },
  {
    "name": "The Moebius Factor",
    "sections": [
      {
        "name": "Victory",
        "access_rules": [
          "@logic/Has Anti-Air, @logic/Has Air",
          "@logic/Has Anti-Air, @logic/Has Common Unit, Medivac",
          "@logic/Has Anti-Air, @logic/Has Common Unit, Hercules"
        ],
        "visibility_rules": [],
        "item_count": 1
      },
      {
        "name": "1st Data Core",
        "access_rules": [],
        "visibility_rules": [
          "mission_progress_checks"
        ],
        "item_count": 1
      },
      {
        "name": "2nd Data Core",
        "access_rules": [
          "@logic/Has Air",
          "@logic/Has Common Unit, Medivac",
          "@logic/Has Common Unit, Hercules"
        ],
        "visibility_rules": [
          "mission_progress_checks"
        ],
        "item_count": 1
      },
      {
        "name": "South Rescue",
        "access_rules": [
          "@logic/Able to Rescue"
        ],
        "visibility_rules": [
          "bonus_checks"
        ],
        "item_count": 1
      },
      {
        "name": "Wall Rescue",
        "access_rules": [
          "@logic/Able to Rescue"
        ],
        "visibility_rules": [
          "bonus_checks"
        ],
        "item_count": 1
      },
      {
        "name": "Mid Rescue",
        "access_rules": [
          "@logic/Able to Rescue"
        ],
        "visibility_rules": [
          "bonus_checks"
        ],
        "item_count": 1
      },
      {
        "name": "Nydus Roof Rescue",
        "access_rules": [
          "@logic/Able to Rescue"
        ],
        "visibility_rules": [
          "bonus_checks"
        ],
        "item_count": 1
      },
      {
        "name": "Alive Inside Rescue",
        "access_rules": [
          "@logic/Able to Rescue"
        ],
        "visibility_rules": [
          "bonus_checks"
        ],
        "item_count": 1
      },
      {
        "name": "Brutalisk",
        "access_rules": [
          "@logic/Has Anti-Air, @logic/Has Air",
          "@logic/Has Anti-Air, @logic/Has Common Unit, Medivac",
          "@logic/Has Anti-Air, @logic/Has Common Unit, Hercules"
        ],
        "visibility_rules": [
          "optional_boss_checks"
        ],
        "item_count": 1
      },
      {
        "name": "3rd Data Core",
        "access_rules": [
          "@logic/Has Anti-Air, @logic/Has Air",
          "@logic/Has Anti-Air, @logic/Has Common Unit, Medivac",
          "@logic/Has Anti-Air, @logic/Has Common Unit, Hercules"
        ],
        "visibility_rules": [
          "mission_progress_checks"
        ],
        "item_count": 1
      }
    ],
    "map_locations": [
      {
        "map": "wol",
        "visibility_rules": [],
        "size": 20,
        "x": 461,
        "y": 355
      }
    ]
  },
  {
    "name": "Supernova",
    "sections": [
      {
        "name": "Victory",
        "access_rules": [
          "@logic/Beats Protoss Deathball"
        ],
        "visibility_rules": [],
        "item_count": 1
      },
      {
        "name": "West Relic",
        "access_rules": [],
        "visibility_rules": [
          "bonus_checks"
        ],
        "item_count": 1
      },
      {
        "name": "North Relic",
        "access_rules": [],
        "visibility_rules": [
          "bonus_checks"
        ],
        "item_count": 1
      },
      {
        "name": "South Relic",
        "access_rules": [
          "@logic/Beats Protoss Deathball"
        ],
        "visibility_rules": [
          "bonus_checks"
        ],
        "item_count": 1
      },
      {
        "name": "East Relic",
        "access_rules": [
          "@logic/Beats Protoss Deathball"
        ],
        "visibility_rules": [
          "bonus_checks"
        ],
        "item_count": 1
      },
      {
        "name": "Landing Zone Cleared",
        "access_rules": [],
        "visibility_rules": [
          "mission_progress_checks"
        ],
        "item_count": 1
      },
      {
        "name": "Middle Base",
        "access_rules": [
          "@logic/Beats Protoss Deathball"
        ],
        "visibility_rules": [
          "mission_progress_checks"
        ],
        "item_count": 1
      },
      {
        "name": "Southeast Base",
        "access_rules": [
          "@logic/Beats Protoss Deathball"
        ],
        "visibility_rules": [
          "mission_progress_checks"
        ],
        "item_count": 1
      }
    ],
    "map_locations": [
      {
        "map": "wol",
        "visibility_rules": [],
        "size": 20,
        "x": 461,
        "y": 463
      }
    ]
  },
  {
    "name": "Maw of the Void",
    "sections": [
      {
        "name": "Victory",
        "access_rules": [
          "@logic/Survives Rip Field"
        ],
        "visibility_rules": [],
        "item_count": 1
      },
      {
        "name": "Landing Zone Cleared",
        "access_rules": [],
        "visibility_rules": [
          "mission_progress_checks"
        ],
        "item_count": 1
      },
      {
        "name": "Expansion Prisoners",
        "access_rules": [
          "@logic/Survives Rip Field",
          "Advanced Tactics"
        ],
        "visibility_rules": [
          "bonus_checks"
        ],
        "item_count": 1
      },
      {
        "name": "South Close Prisoners",
        "access_rules": [
          "@logic/Survives Rip Field",
          "Advanced Tactics"
        ],
        "visibility_rules": [
          "bonus_checks"
        ],
        "item_count": 1
      },
      {
        "name": "South Far Prisoners",
        "access_rules": [
          "@logic/Survives Rip Field"
        ],
        "visibility_rules": [
          "bonus_checks"
        ],
        "item_count": 1
      },
      {
        "name": "North Prisoners",
        "access_rules": [
          "@logic/Survives Rip Field"
        ],
        "visibility_rules": [
          "bonus_checks"
        ],
        "item_count": 1
      },
      {
        "name": "Mothership",
        "access_rules": [
          "@logic/Survives Rip Field"
        ],
        "visibility_rules": [
          "optional_boss_checks"
        ],
        "item_count": 1
      },
      {
        "name": "Expansion Rip Field Generator",
        "access_rules": [
          "@logic/Survives Rip Field",
          "Advanced Tactics"
        ],
        "visibility_rules": [
          "mission_progress_checks"
        ],
        "item_count": 1
      },
      {
        "name": "Middle Rip Field Generator",
        "access_rules": [
          "@logic/Survives Rip Field"
        ],
        "visibility_rules": [
          "mission_progress_checks"
        ],
        "item_count": 1
      },
      {
        "name": "Southeast Rip Field Generator",
        "access_rules": [
          "@logic/Survives Rip Field"
        ],
        "visibility_rules": [
          "mission_progress_checks"
        ],
        "item_count": 1
      },
      {
        "name": "Stargate Rip Field Generator",
        "access_rules": [
          "@logic/Survives Rip Field"
        ],
        "visibility_rules": [
          "mission_progress_checks"
        ],
        "item_count": 1
      },
      {
        "name": "Northwest Rip Field Generator",
        "access_rules": [
          "@logic/Survives Rip Field"
        ],
        "visibility_rules": [
          "mission_progress_checks"
        ],
        "item_count": 1
      },
      {
        "name": "West Rip Field Generator",
        "access_rules": [
          "@logic/Survives Rip Field"
        ],
        "visibility_rules": [
          "mission_progress_checks"
        ],
        "item_count": 1
      },
      {
        "name": "Southwest Rip Field Generator",
        "access_rules": [
          "@logic/Survives Rip Field"
        ],
        "visibility_rules": [
          "mission_progress_checks"
        ],
        "item_count": 1
      }
    ],
    "map_locations": [
      {
        "map": "wol",
        "visibility_rules": [],
        "size": 20,
        "x": 461,
        "y": 571
      }
    ]
  },
  {
    "name": "Devil's Playground",
    "sections": [
      {
        "name": "Victory",
        "access_rules": [
          "Advanced Tactics",
          "@logic/Has Anti-Air, @logic/Has Common Unit",
          "@logic/Has Anti-Air, Reaper"
        ],
        "visibility_rules": [],
        "item_count": 1
      },
      {
        "name": "Tosh's Miners",
        "access_rules": [],
        "visibility_rules": [
          "bonus_checks"
        ],
        "item_count": 1
      },
      {
        "name": "Brutalisk",
        "access_rules": [
          "Advanced Tactics",
          "@logic/Has Common Unit",
          "Reaper"
        ],
        "visibility_rules": [
          "optional_boss_checks"
        ],
        "item_count": 1
      },
      {
        "name": "North Reapers",
        "access_rules": [],
        "visibility_rules": [
          "bonus_checks"
        ],
        "item_count": 1
      },
      {
        "name": "Middle Reapers",
        "access_rules": [
          "Advanced Tactics",
          "@logic/Has Common Unit",
          "Reaper"
        ],
        "visibility_rules": [
          "bonus_checks"
        ],
        "item_count": 1
      },
      {
        "name": "Southwest Reapers",
        "access_rules": [
          "Advanced Tactics",
          "@logic/Has Common Unit",
          "Reaper"
        ],
        "visibility_rules": [
          "bonus_checks"
        ],
        "item_count": 1
      },
      {
        "name": "Southeast Reapers",
        "access_rules": [
          "Advanced Tactics",
          "@logic/Has Anti-Air, @logic/Has Common Unit",
          "@logic/Has Anti-Air, Reaper"
        ],
        "visibility_rules": [
          "bonus_checks"
        ],
        "item_count": 1
      },
      {
        "name": "East Reapers",
        "access_rules": [
          "Advanced Tactics",
          "@logic/Has Anti-Air, @logic/Has Common Unit",
          "@logic/Has Anti-Air, Reaper"
        ],
        "visibility_rules": [
          "mission_progress_checks"
        ],
        "item_count": 1
      }
    ],
    "map_locations": [
      {
        "map": "wol",
        "visibility_rules": [],
        "size": 20,
        "x": 640,
        "y": 139
      }
    ]
  },
  {
    "name": "Welcome to the Jungle",
    "sections": [
      {
        "name": "Victory",
        "access_rules": [
          "@logic/Welcome to the Jungle Requirements"
        ],
        "visibility_rules": [],
        "item_count": 1
      },
      {
        "name": "Close Relic",
        "access_rules": [],
        "visibility_rules": [
          "bonus_checks"
        ],
        "item_count": 1
      },
      {
        "name": "West Relic",
        "access_rules": [
          "@logic/Welcome to the Jungle Requirements"
        ],
        "visibility_rules": [
          "bonus_checks"
        ],
        "item_count": 1
      },
      {
        "name": "North-East Relic",
        "access_rules": [
          "@logic/Welcome to the Jungle Requirements"
        ],
        "visibility_rules": [
          "bonus_checks"
        ],
        "item_count": 1
      },
      {
        "name": "Middle Base",
        "access_rules": [
          "@logic/Welcome to the Jungle Requirements"
        ],
        "visibility_rules": [
          "mission_progress_checks"
        ],
        "item_count": 1
      },
      {
        "name": "Main Base",
        "access_rules": [
          "@logic/Welcome to the Jungle Requirements, @logic/Beats Protoss Deathball"
        ],
        "visibility_rules": [
          "challenge_checks"
        ],
        "item_count": 1
      },
      {
        "name": "No Terrazine Nodes Sealed",
        "access_rules": [
          "@logic/Welcome to the Jungle Requirements, @logic/Beats Protoss Deathball, @logic/Has Competent Ground-to-Air"
        ],
        "visibility_rules": [
          "challenge_checks"
        ],
        "item_count": 1
      },
      {
        "name": "Up to 1 Terrazine Node Sealed",
        "access_rules": [
          "@logic/Welcome to the Jungle Requirements, @logic/Beats Protoss Deathball, @logic/Has Competent Ground-to-Air"
        ],
        "visibility_rules": [
          "challenge_checks"
        ],
        "item_count": 1
      },
      {
        "name": "Up to 2 Terrazine Nodes Sealed",
        "access_rules": [
          "@logic/Welcome to the Jungle Requirements, @logic/Beats Protoss Deathball"
        ],
        "visibility_rules": [
          "challenge_checks"
        ],
        "item_count": 1
      },
      {
        "name": "Up to 3 Terrazine Nodes Sealed",
        "access_rules": [
          "@logic/Welcome to the Jungle Requirements, @logic/Beats Protoss Deathball"
        ],
        "visibility_rules": [
          "challenge_checks"
        ],
        "item_count": 1
      },
      {
        "name": "Up to 4 Terrazine Nodes Sealed",
        "access_rules": [
          "@logic/Welcome to the Jungle Requirements"
        ],
        "visibility_rules": [
          "challenge_checks"
        ],
        "item_count": 1
      },
      {
        "name": "Up to 5 Terrazine Nodes Sealed",
        "access_rules": [
          "@logic/Welcome to the Jungle Requirements"
        ],
        "visibility_rules": [
          "challenge_checks"
        ],
        "item_count": 1
      }
    ],
    "map_locations": [
      {
        "map": "wol",
        "visibility_rules": [],
        "size": 20,
        "x": 640,
        "y": 247
      }
    ]
  },
  {
    "name": "Breakout",
    "sections": [
      {
        "name": "Victory",
        "access_rules": [],
        "visibility_rules": [],
        "item_count": 1
      },
      {
        "name": "Diamondback Prison",
        "access_rules": [],
        "visibility_rules": [
          "bonus_checks"
        ],
        "item_count": 1
      },
      {
        "name": "Siege Tank Prison",
        "access_rules": [],
        "visibility_rules": [
          "bonus_checks"
        ],
        "item_count": 1
      },
      {
        "name": "First Checkpoint",
        "access_rules": [],
        "visibility_rules": [
          "mission_progress_checks"
        ],
        "item_count": 1
      },
      {
        "name": "Second Checkpoint",
        "access_rules": [],
        "visibility_rules": [
          "mission_progress_checks"
        ],
        "item_count": 1
      }
    ],
    "map_locations": [
      {
        "map": "wol",
        "visibility_rules": [
          "nobuild_missions_on"
        ],
        "size": 20,
        "x": 640,
        "y": 355
      }
    ]
  },
  {
    "name": "Ghost of a Chance",
    "sections": [
      {
        "name": "Victory",
        "access_rules": [],
        "visibility_rules": [],
        "item_count": 1
      },
      {
        "name": "Terrazine Tank",
        "access_rules": [],
        "visibility_rules": [
          "mission_progress_checks"
        ],
        "item_count": 1
      },
      {
        "name": "Jorium Stockpile",
        "access_rules": [],
        "visibility_rules": [
          "mission_progress_checks"
        ],
        "item_count": 1
      },
      {
        "name": "First Island Spectres",
        "access_rules": [],
        "visibility_rules": [
          "bonus_checks"
        ],
        "item_count": 1
      },
      {
        "name": "Second Island Spectres",
        "access_rules": [],
        "visibility_rules": [
          "bonus_checks"
        ],
        "item_count": 1
      },
      {
        "name": "Third Island Spectres",
        "access_rules": [],
        "visibility_rules": [
          "bonus_checks"
        ],
        "item_count": 1
      }
    ],
    "map_locations": [
      {
        "map": "wol",
        "visibility_rules": [
          "nobuild_missions_on"
        ],
        "size": 20,
        "x": 640,
        "y": 463
      }
    ]
  },
  {
    "name": "The Great Train Robbery",
    "sections": [
      {
        "name": "Victory",
        "access_rules": [
          "@logic/Has Train Killers, @logic/Has Anti-Air"
        ],
        "visibility_rules": [],
        "item_count": 1
      },
      {
        "name": "North Defiler",
        "access_rules": [],
        "visibility_rules": [
          "bonus_checks"
        ],
        "item_count": 1
      },
      {
        "name": "Mid Defiler",
        "access_rules": [],
        "visibility_rules": [
          "bonus_checks"
        ],
        "item_count": 1
      },
      {
        "name": "South Defiler",
        "access_rules": [],
        "visibility_rules": [
          "bonus_checks"
        ],
        "item_count": 1
      },
      {
        "name": "Close Diamondback",
        "access_rules": [],
        "visibility_rules": [
          "bonus_checks"
        ],
        "item_count": 1
      },
      {
        "name": "Northwest Diamondback",
        "access_rules": [],
        "visibility_rules": [
          "bonus_checks"
        ],
        "item_count": 1
      },
      {
        "name": "North Diamondback",
        "access_rules": [],
        "visibility_rules": [
          "bonus_checks"
        ],
        "item_count": 1
      },
      {
        "name": "Northeast Diamondback",
        "access_rules": [],
        "visibility_rules": [
          "bonus_checks"
        ],
        "item_count": 1
      },
      {
        "name": "Southwest Diamondback",
        "access_rules": [],
        "visibility_rules": [
          "bonus_checks"
        ],
        "item_count": 1
      },
      {
        "name": "Southeast Diamondback",
        "access_rules": [],
        "visibility_rules": [
          "bonus_checks"
        ],
        "item_count": 1
      },
      {
        "name": "Kill Team",
        "access_rules": [
          "Advanced Tactics, @logic/Has Train Killers, @logic/Has Anti-Air",
          "@logic/Has Common Unit, @logic/Has Train Killers, @logic/Has Anti-Air"
        ],
        "visibility_rules": [
          "challenge_checks"
        ],
        "item_count": 1
      }
    ],
    "map_locations": [
      {
        "map": "wol",
        "visibility_rules": [],
        "size": 20,
        "x": 819,
        "y": 139
      }
    ]
  },
  {
    "name": "Cutthroat",
    "sections": [
      {
        "name": "Victory",
        "access_rules": [
          "@logic/Has Common Unit, Advanced Tactics",
          "@logic/Has Common Unit, @logic/Has Anti-Air"
        ],
        "visibility_rules": [],
        "item_count": 1
      },
      {
        "name": "Mira Han",
        "access_rules": [
          "@logic/Has Common Unit"
        ],
        "visibility_rules": [
          "mission_progress_checks"
        ],
        "item_count": 1
      },
      {
        "name": "North Relic",
        "access_rules": [
          "@logic/Has Common Unit"
        ],
        "visibility_rules": [
          "bonus_checks"
        ],
        "item_count": 1
      },
      {
        "name": "Mid Relic",
        "access_rules": [],
        "visibility_rules": [
          "bonus_checks"
        ],
        "item_count": 1
      },
      {
        "name": "Southwest Relic",
        "access_rules": [
          "@logic/Has Common Unit"
        ],
        "visibility_rules": [
          "bonus_checks"
        ],
        "item_count": 1
      },
      {
        "name": "North Command Center",
        "access_rules": [
          "@logic/Has Common Unit"
        ],
        "visibility_rules": [
          "mission_progress_checks"
        ],
        "item_count": 1
      },
      {
        "name": "South Command Center",
        "access_rules": [
          "@logic/Has Common Unit"
        ],
        "visibility_rules": [
          "mission_progress_checks"
        ],
        "item_count": 1
      },
      {
        "name": "West Command Center",
        "access_rules": [
          "@logic/Has Common Unit"
        ],
        "visibility_rules": [
          "mission_progress_checks"
        ],
        "item_count": 1
      }
    ],
    "map_locations": [
      {
        "map": "wol",
        "visibility_rules": [],
        "size": 20,
        "x": 819,
        "y": 247
      }
    ]
  },
  {
    "name": "Engine of Destruction",
    "sections": [
      {
        "name": "Victory",
        "access_rules": [
          "@logic/Has Competent Anti-Air, @logic/Has Common Unit",
          "@logic/Has Competent Anti-Air, Wraith"
        ],
        "visibility_rules": [],
        "item_count": 1
      },
      {
        "name": "Odin",
        "access_rules": [],
        "visibility_rules": [
          "mission_progress_checks"
        ],
        "item_count": 1
      },
      {
        "name": "Loki",
        "access_rules": [
          "@logic/Has Competent Anti-Air, @logic/Has Common Unit",
          "@logic/Has Competent Anti-Air, Wraith"
        ],
        "visibility_rules": [
          "optional_boss_checks"
        ],
        "item_count": 1
      },
      {
        "name": "Lab Devourer",
        "access_rules": [],
        "visibility_rules": [
          "bonus_checks"
        ],
        "item_count": 1
      },
      {
        "name": "North Devourer",
        "access_rules": [
          "@logic/Has Competent Anti-Air, @logic/Has Common Unit",
          "@logic/Has Competent Anti-Air, Wraith"
        ],
        "visibility_rules": [
          "bonus_checks"
        ],
        "item_count": 1
      },
      {
        "name": "Southeast Devourer",
        "access_rules": [
          "@logic/Has Competent Anti-Air, @logic/Has Common Unit",
          "@logic/Has Competent Anti-Air, Wraith"
        ],
        "visibility_rules": [
          "bonus_checks"
        ],
        "item_count": 1
      },
      {
        "name": "West Base",
        "access_rules": [
          "@logic/Has Competent Anti-Air, @logic/Has Common Unit",
          "@logic/Has Competent Anti-Air, Wraith"
        ],
        "visibility_rules": [
          "mission_progress_checks"
        ],
        "item_count": 1
      },
      {
        "name": "Northwest Base",
        "access_rules": [
          "@logic/Has Competent Anti-Air, @logic/Has Common Unit",
          "@logic/Has Competent Anti-Air, Wraith"
        ],
        "visibility_rules": [
          "mission_progress_checks"
        ],
        "item_count": 1
      },
      {
        "name": "Northeast Base",
        "access_rules": [
          "@logic/Has Competent Anti-Air, @logic/Has Common Unit",
          "@logic/Has Competent Anti-Air, Wraith"
        ],
        "visibility_rules": [
          "mission_progress_checks"
        ],
        "item_count": 1
      },
      {
        "name": "Southeast Base",
        "access_rules": [
          "@logic/Has Competent Anti-Air, @logic/Has Common Unit",
          "@logic/Has Competent Anti-Air, Wraith"
        ],
        "visibility_rules": [
          "mission_progress_checks"
        ],
        "item_count": 1
      }
    ],
    "map_locations": [
      {
        "map": "wol",
        "visibility_rules": [],
        "size": 20,
        "x": 819,
        "y": 355
      }
    ]
  },
  {
    "name": "Media Blitz",
    "sections": [
      {
        "name": "Victory",
        "access_rules": [
          "@logic/Has Competent Comp"
        ],
        "visibility_rules": [],
        "item_count": 1
      },
      {
        "name": "Tower 1",
        "access_rules": [
          "@logic/Has Competent Comp"
        ],
        "visibility_rules": [
          "mission_progress_checks"
        ],
        "item_count": 1
      },
      {
        "name": "Tower 2",
        "access_rules": [
          "@logic/Has Competent Comp"
        ],
        "visibility_rules": [
          "mission_progress_checks"
        ],
        "item_count": 1
      },
      {
        "name": "Tower 3",
        "access_rules": [
          "@logic/Has Competent Comp"
        ],
        "visibility_rules": [
          "mission_progress_checks"
        ],
        "item_count": 1
      },
      {
        "name": "Science Facility",
        "access_rules": [],
        "visibility_rules": [
          "bonus_checks"
        ],
        "item_count": 1
      },
      {
        "name": "All Barracks",
        "access_rules": [
          "@logic/Has Competent Comp"
        ],
        "visibility_rules": [
          "mission_progress_checks"
        ],
        "item_count": 1
      },
      {
        "name": "All Factories",
        "access_rules": [
          "@logic/Has Competent Comp"
        ],
        "visibility_rules": [
          "mission_progress_checks"
        ],
        "item_count": 1
      },
      {
        "name": "All Starports",
        "access_rules": [
          "@logic/Has Competent Comp",
          "Advanced Tactics"
        ],
        "visibility_rules": [
          "mission_progress_checks"
        ],
        "item_count": 1
      },
      {
        "name": "Odin Not Trashed",
        "access_rules": [
          "@logic/Has Competent Comp"
        ],
        "visibility_rules": [
          "challenge_checks"
        ],
        "item_count": 1
      }
    ],
    "map_locations": [
      {
        "map": "wol",
        "visibility_rules": [],
        "size": 20,
        "x": 819,
        "y": 463
      }
    ]
  },
  {
    "name": "Piercing the Shroud",
    "sections": [
      {
        "name": "Victory",
        "access_rules": [
          "@logic/Has MM Upgrade"
        ],
        "visibility_rules": [],
        "item_count": 1
      },
      {
        "name": "Holding Cell Relic",
        "access_rules": [],
        "visibility_rules": [
          "bonus_checks"
        ],
        "item_count": 1
      },
      {
        "name": "Brutalisk Relic",
        "access_rules": [
          "@logic/Has MM Upgrade"
        ],
        "visibility_rules": [
          "bonus_checks"
        ],
        "item_count": 1
      },
      {
        "name": "First Escape Relic",
        "access_rules": [
          "@logic/Has MM Upgrade"
        ],
        "visibility_rules": [
          "bonus_checks"
        ],
        "item_count": 1
      },
      {
        "name": "Second Escape Relic",
        "access_rules": [
          "@logic/Has MM Upgrade"
        ],
        "visibility_rules": [
          "bonus_checks"
        ],
        "item_count": 1
      },
      {
        "name": "Brutalisk",
        "access_rules": [
          "@logic/Has MM Upgrade"
        ],
        "visibility_rules": [
          "optional_boss_checks"
        ],
        "item_count": 1
      },
      {
        "name": "Fusion Reactor",
        "access_rules": [
          "@logic/Has MM Upgrade"
        ],
        "visibility_rules": [
          "mission_progress_checks"
        ],
        "item_count": 1
      }
    ],
    "map_locations": [
      {
        "map": "wol",
        "visibility_rules": [
          "nobuild_missions_on"
        ],
        "size": 20,
        "x": 819,
        "y": 571
      }
    ]
  },
  {
    "name": "Whispers of Doom",
    "sections": [
      {
        "name": "Victory",
        "access_rules": [],
        "visibility_rules": [],
        "item_count": 1
      },
      {
        "name": "First Hatchery",
        "access_rules": [],
        "visibility_rules": [
          "bonus_checks"
        ],
        "item_count": 1
      },
      {
        "name": "Second Hatchery",
        "access_rules": [],
        "visibility_rules": [
          "bonus_checks"
        ],
        "item_count": 1
      },
      {
        "name": "Third Hatchery",
        "access_rules": [],
        "visibility_rules": [
          "bonus_checks"
        ],
        "item_count": 1
      },
      {
        "name": "First Prophecy Fragment",
        "access_rules": [],
        "visibility_rules": [
          "mission_progress_checks"
        ],
        "item_count": 1
      },
      {
        "name": "Second Prophecy Fragment",
        "access_rules": [],
        "visibility_rules": [
          "mission_progress_checks"
        ],
        "item_count": 1
      },
      {
        "name": "Third Prophecy Fragment",
        "access_rules": [],
        "visibility_rules": [
          "mission_progress_checks"
        ],
        "item_count": 1
      }
    ],
    "map_locations": [
      {
        "map": "wol",
        "visibility_rules": [
          "protoss_missions_on, nobuild_missions_on"
        ],
        "size": 20,
        "x": 998,
        "y": 139
      }
    ]
  },
  {
    "name": "A Sinister Turn",
    "sections": [
      {
        "name": "Victory",
        "access_rules": [
          "@logic/Has Protoss Medium Units"
        ],
        "visibility_rules": [],
        "item_count": 1
      },
      {
        "name": "Robotics Facility",
        "access_rules": [
          "Advanced Tactics",
          "@logic/Has Protoss Common Units"
        ],
        "visibility_rules": [
          "bonus_checks"
        ],
        "item_count": 1
      },
      {
        "name": "Dark Shrine",
        "access_rules": [
          "Advanced Tactics",
          "@logic/Has Protoss Common Units"
        ],
        "visibility_rules": [
          "bonus_checks"
        ],
        "item_count": 1
      },
      {
        "name": "Templar Archives",
        "access_rules": [
          "@logic/Has Protoss Medium Units"
        ],
        "visibility_rules": [
          "bonus_checks"
        ],
        "item_count": 1
      },
      {
        "name": "Northeast Base",
        "access_rules": [
          "@logic/Has Protoss Medium Units"
        ],
        "visibility_rules": [
          "mission_progress_checks"
        ],
        "item_count": 1
      },
      {
        "name": "Southwest Base",
        "access_rules": [
          "@logic/Has Protoss Medium Units"
        ],
        "visibility_rules": [
          "mission_progress_checks"
        ],
        "item_count": 1
      },
      {
        "name": "Maar",
        "access_rules": [
          "@logic/Has Protoss Medium Units",
          "Advanced Tactics"
        ],
        "visibility_rules": [
          "mission_progress_checks"
        ],
        "item_count": 1
      },
      {
        "name": "Northwest Preserver",
        "access_rules": [
          "@logic/Has Protoss Medium Units"
        ],
        "visibility_rules": [
          "mission_progress_checks"
        ],
        "item_count": 1
      },
      {
        "name": "Southwest Preserver",
        "access_rules": [
          "@logic/Has Protoss Medium Units"
        ],
        "visibility_rules": [
          "mission_progress_checks"
        ],
        "item_count": 1
      },
      {
        "name": "East Preserver",
        "access_rules": [
          "@logic/Has Protoss Medium Units"
        ],
        "visibility_rules": [
          "mission_progress_checks"
        ],
        "item_count": 1
      }
    ],
    "map_locations": [
      {
        "map": "wol",
        "visibility_rules": [
          "protoss_missions_on"
        ],
        "size": 20,
        "x": 998,
        "y": 247
      }
    ]
  },
  {
    "name": "Echoes of the Future",
    "sections": [
      {
        "name": "Victory",
        "access_rules": [
          "@logic/Has Protoss Medium Units",
          "Advanced Tactics"
        ],
        "visibility_rules": [],
        "item_count": 1
      },
      {
        "name": "Close Obelisk",
        "access_rules": [],
        "visibility_rules": [
          "bonus_checks"
        ],
        "item_count": 1
      },
      {
        "name": "West Obelisk",
        "access_rules": [
          "@logic/Has Protoss Common Units",
          "Advanced Tactics"
        ],
        "visibility_rules": [
          "bonus_checks"
        ],
        "item_count": 1
      },
      {
        "name": "Base",
        "access_rules": [],
        "visibility_rules": [
          "mission_progress_checks"
        ],
        "item_count": 1
      },
      {
        "name": "Southwest Tendril",
        "access_rules": [],
        "visibility_rules": [
          "mission_progress_checks"
        ],
        "item_count": 1
      },
      {
        "name": "Southeast Tendril",
        "access_rules": [
          "@logic/Has Protoss Common Units",
          "Advanced Tactics"
        ],
        "visibility_rules": [
          "mission_progress_checks"
        ],
        "item_count": 1
      },
      {
        "name": "Northeast Tendril",
        "access_rules": [
          "@logic/Has Protoss Common Units",
          "Advanced Tactics"
        ],
        "visibility_rules": [
          "mission_progress_checks"
        ],
        "item_count": 1
      },
      {
        "name": "Northwest Tendril",
        "access_rules": [
          "@logic/Has Protoss Common Units",
          "Advanced Tactics"
        ],
        "visibility_rules": [
          "mission_progress_checks"
        ],
        "item_count": 1
      }
    ],
    "map_locations": [
      {
        "map": "wol",
        "visibility_rules": [
          "protoss_missions_on"
        ],
        "size": 20,
        "x": 998,
        "y": 355
      }
    ]
  },
  {
    "name": "In Utter Darkness",
    "sections": [
      {
        "name": "Defeat",
        "access_rules": [],
        "visibility_rules": [],
        "item_count": 1
      },
      {
        "name": "Protoss Archive",
        "access_rules": [
          "@logic/Has Protoss Medium Units"
        ],
        "visibility_rules": [
          "bonus_checks"
        ],
        "item_count": 1
      },
      {
        "name": "Kills",
        "access_rules": [
          "@logic/Has Protoss Common Units"
        ],
        "visibility_rules": [
          "challenge_checks"
        ],
        "item_count": 1
      },
      {
        "name": "Urun",
        "access_rules": [],
        "visibility_rules": [
          "mission_progress_checks"
        ],
        "item_count": 1
      },
      {
        "name": "Mohandar",
        "access_rules": [
          "@logic/Has Protoss Common Units"
        ],
        "visibility_rules": [
          "mission_progress_checks"
        ],
        "item_count": 1
      },
      {
        "name": "Selendis",
        "access_rules": [
          "@logic/Has Protoss Common Units"
        ],
        "visibility_rules": [
          "mission_progress_checks"
        ],
        "item_count": 1
      },
      {
        "name": "Artanis",
        "access_rules": [
          "@logic/Has Protoss Common Units"
        ],
        "visibility_rules": [
          "mission_progress_checks"
        ],
        "item_count": 1
      }
    ],
    "map_locations": [
      {
        "map": "wol",
        "visibility_rules": [
          "protoss_missions_on"
        ],
        "size": 20,
        "x": 998,
        "y": 463
      }
    ]
  },
  {
    "name": "Gates of Hell",
    "sections": [
      {
        "name": "Victory",
        "access_rules": [
          "@logic/Has Competent Comp, $defenseRating|6|true|true|false"
        ],
        "visibility_rules": [],
        "item_count": 1
      },
      {
        "name": "Large Army",
        "access_rules": [
          "@logic/Has Competent Comp, $defenseRating|6|true|true|false"
        ],
        "visibility_rules": [
          "mission_progress_checks"
        ],
        "item_count": 1
      },
      {
        "name": "2 Drop Pods",
        "access_rules": [
          "@logic/Has Competent Comp, $defenseRating|6|true|true|false"
        ],
        "visibility_rules": [
          "bonus_checks"
        ],
        "item_count": 1
      },
      {
        "name": "4 Drop Pods",
        "access_rules": [
          "@logic/Has Competent Comp, $defenseRating|6|true|true|false"
        ],
        "visibility_rules": [
          "bonus_checks"
        ],
        "item_count": 1
      },
      {
        "name": "6 Drop Pods",
        "access_rules": [
          "@logic/Has Competent Comp, $defenseRating|6|true|true|false"
        ],
        "visibility_rules": [
          "bonus_checks"
        ],
        "item_count": 1
      },
      {
        "name": "8 Drop Pods",
        "access_rules": [
          "@logic/Has Competent Comp, $defenseRating|6|true|true|false"
        ],
        "visibility_rules": [
          "bonus_checks"
        ],
        "item_count": 1
      }
    ],
    "map_locations": [
      {
        "map": "wol",
        "visibility_rules": [],
        "size": 20,
        "x": 1178,
        "y": 139
      }
    ]
  },
  {
    "name": "Belly of the Beast",
    "sections": [
      {
        "name": "Victory",
        "access_rules": [],
        "visibility_rules": [],
        "item_count": 1
      },
      {
        "name": "First Charge",
        "access_rules": [],
        "visibility_rules": [
          "mission_progress_checks"
        ],
        "item_count": 1
      },
      {
        "name": "Second Charge",
        "access_rules": [],
        "visibility_rules": [
          "mission_progress_checks"
        ],
        "item_count": 1
      },
      {
        "name": "Third Charge",
        "access_rules": [],
        "visibility_rules": [
          "mission_progress_checks"
        ],
        "item_count": 1
      },
      {
        "name": "First Group Rescued",
        "access_rules": [],
        "visibility_rules": [
          "bonus_checks"
        ],
        "item_count": 1
      },
      {
        "name": "Second Group Rescued",
        "access_rules": [],
        "visibility_rules": [
          "bonus_checks"
        ],
        "item_count": 1
      },
      {
        "name": "Third Group Rescued",
        "access_rules": [],
        "visibility_rules": [
          "bonus_checks"
        ],
        "item_count": 1
      }
    ],
    "map_locations": [
      {
        "map": "wol",
        "visibility_rules": [
          "nobuild_missions_on"
        ],
        "size": 20,
        "x": 1178,
        "y": 247
      }
    ]
  },
  {
    "name": "Shatter the Sky",
    "sections": [
      {
        "name": "Victory",
        "access_rules": [
          "@logic/Has Competent Comp"
        ],
        "visibility_rules": [],
        "item_count": 1
      },
      {
        "name": "Close Coolant Tower",
        "access_rules": [
          "@logic/Has Competent Comp"
        ],
        "visibility_rules": [
          "mission_progress_checks"
        ],
        "item_count": 1
      },
      {
        "name": "Northwest Coolant Tower",
        "access_rules": [
          "@logic/Has Competent Comp"
        ],
        "visibility_rules": [
          "mission_progress_checks"
        ],
        "item_count": 1
      },
      {
        "name": "Southeast Coolant Tower",
        "access_rules": [
          "@logic/Has Competent Comp"
        ],
        "visibility_rules": [
          "mission_progress_checks"
        ],
        "item_count": 1
      },
      {
        "name": "Southwest Coolant Tower",
        "access_rules": [
          "@logic/Has Competent Comp"
        ],
        "visibility_rules": [
          "mission_progress_checks"
        ],
        "item_count": 1
      },
      {
        "name": "Leviathan",
        "access_rules": [
          "@logic/Has Competent Comp"
        ],
        "visibility_rules": [
          "optional_boss_checks"
        ],
        "item_count": 1
      },
      {
        "name": "East Hatchery",
        "access_rules": [
          "@logic/Has Competent Comp"
        ],
        "visibility_rules": [
          "mission_progress_checks"
        ],
        "item_count": 1
      },
      {
        "name": "North Hatchery",
        "access_rules": [
          "@logic/Has Competent Comp"
        ],
        "visibility_rules": [
          "mission_progress_checks"
        ],
        "item_count": 1
      },
      {
        "name": "Mid Hatchery",
        "access_rules": [
          "@logic/Has Competent Comp"
        ],
        "visibility_rules": [
          "mission_progress_checks"
        ],
        "item_count": 1
      }
    ],
    "map_locations": [
      {
        "map": "wol",
        "visibility_rules": [],
        "size": 20,
        "x": 1178,
        "y": 355
      }
    ]
  },
  {
    "name": "All In (Ground)",
    "sections": [
      {
        "name": "Victory",
        "access_rules": [
          "@logic/Beats Kerrigan, $defenseRating|12|true|false|true"
        ],
        "visibility_rules": [],
        "item_count": 1
      }
    ],
    "map_locations": [
      {
        "map": "wol",
        "visibility_rules": [
          "all_in_ground"
        ],
        "forced_invisibility_rules": [
          "all_in_air"
        ],
        "size": 20,
        "x": 1178,
        "y": 463
      }
    ]
  },
  {
    "name": "All In (Air)",
    "sections": [
      {
        "name": "Victory",
        "access_rules": [
          "@logic/Beats Kerrigan, $defenseRating|8|true|true|false, Viking, Hive Mind Emulator",
          "@logic/Beats Kerrigan, $defenseRating|8|true|true|false, Viking, Psi Disrupter",
          "@logic/Beats Kerrigan, $defenseRating|8|true|true|false, Viking, Missile Turret",
          "@logic/Beats Kerrigan, $defenseRating|8|true|true|false, Battlecruiser, Hive Mind Emulator",
          "@logic/Beats Kerrigan, $defenseRating|8|true|true|false, Battlecruiser, Psi Disrupter",
          "@logic/Beats Kerrigan, $defenseRating|8|true|true|false, Battlecruiser, Missile Turret",
          "@logic/Beats Kerrigan, $defenseRating|8|true|true|false, Valkyrie, Hive Mind Emulator",
          "@logic/Beats Kerrigan, $defenseRating|8|true|true|false, Valkyrie, Psi Disrupter",
          "@logic/Beats Kerrigan, $defenseRating|8|true|true|false, Valkyrie, Missile Turret"
        ],
        "visibility_rules": [],
        "item_count": 1
      }
    ],
    "map_locations": [
      {
        "map": "wol",
        "visibility_rules": [
          "all_in_air"
        ],
        "forced_invisibility_rules": [
          "all_in_ground"
        ],
        "size": 20,
        "x": 1178,
        "y": 463
      }
    ]
  }
]