[
  {
    "name": "Starting Minerals",
    "type": "consumable",
    "img": "images/misc/minerals.png",
    "max_quantity": 255,
    "increment": 15,
    "codes": "minerals, Starting Minerals"
  },
  {
    "name": "Starting Vespene",
    "type": "consumable",
    "img": "images/misc/vespene.png",
    "max_quantity": 255,
    "increment": 15,
    "codes": "vespene, gas, Starting Vespene"
  },
  {
    "name": "Progressive Infantry Weapons",
    "type": "progressive",
    "loop": "false",
    "allow_disabled": "false",
    "codes": "infweapons, infantryweapons, inf_weapons, infantry_weapons, infantry_upgrade, weapon_upgrade, Progressive Infantry Weapons",
    "stages": [
      {
        "img": "images/terran_unit_upgrades/infantry_weapons_1.png",
        "img_mods": "@disabled",
        "codes": "infweapons, infantryweapons, inf_weapons, infantry_weapons, Progressive Infantry Weapons"
      },
      {
        "img": "images/terran_unit_upgrades/infantry_weapons_1.png"
      },
      {
        "img": "images/terran_unit_upgrades/infantry_weapons_2.png"
      },
      {
        "img": "images/terran_unit_upgrades/infantry_weapons_3.png"
      }
    ]
  },
  {
    "name": "Progressive Infantry Armor",
    "type": "progressive",
    "loop": "false",
    "allow_disabled": "false",
    "codes": "infarmor, infantryarmor, inf_armor, infantry_armor, infantry_upgrade, armor_upgrade, Progressive Infantry Armor",
    "stages": [
      {
        "img": "images/terran_unit_upgrades/infantry_armor_1.png",
        "img_mods": "@disabled",
        "codes": "infarmor, infantryarmor, inf_armor, infantry_armor, Progressive Infantry Armor"
      },
      {
        "img": "images/terran_unit_upgrades/infantry_armor_1.png"
      },
      {
        "img": "images/terran_unit_upgrades/infantry_armor_2.png"
      },
      {
        "img": "images/terran_unit_upgrades/infantry_armor_3.png"
      }
    ]
  },
  {
    "name": "Progressive Vehicle Weapons",
    "type": "progressive",
    "loop": "false",
    "allow_disabled": "false",
    "codes": "vehweapons, vehicleweapons, veh_weapons, vehicle_weapons, vehicle_upgrade, weapon_upgrade, Progressive Vehicle Weapons",
    "stages": [
      {
        "img": "images/terran_unit_upgrades/vehicle_weapons_1.png",
        "img_mods": "@disabled",
        "codes": "vehweapons, vehicleweapons, veh_weapons, vehicle_weapons, Progressive Vehicle Weapons"
      },
      {
        "img": "images/terran_unit_upgrades/vehicle_weapons_1.png"
      },
      {
        "img": "images/terran_unit_upgrades/vehicle_weapons_2.png"
      },
      {
        "img": "images/terran_unit_upgrades/vehicle_weapons_3.png"
      }
    ]
  },
  {
    "name": "Progressive Vehicle Armor",
    "type": "progressive",
    "loop": "false",
    "allow_disabled": "false",
    "codes": "veharmor, vehiclearmor, veh_armor, vehicle_armor, vehicle_upgrade, armor_upgrade, Progressive Vehicle Armor",
    "stages": [
      {
        "img": "images/terran_unit_upgrades/vehicle_armor_1.png",
        "img_mods": "@disabled",
        "codes": "veharmor, vehiclearmor, veh_armor, vehicle_armor, Progressive Vehicle Armor"
      },
      {
        "img": "images/terran_unit_upgrades/vehicle_armor_1.png"
      },
      {
        "img": "images/terran_unit_upgrades/vehicle_armor_2.png"
      },
      {
        "img": "images/terran_unit_upgrades/vehicle_armor_3.png"
      }
    ]
  },
  {
    "name": "Progressive Ship Weapons",
    "type": "progressive",
    "loop": "false",
    "allow_disabled": "false",
    "codes": "shipweapons, airweapons, ship_weapons, air_weapons, ship_upgrade, air_upgrade, weapon_upgrade, Progressive Ship Weapons",
    "stages": [
      {
        "img": "images/terran_unit_upgrades/ship_weapons_1.png",
        "img_mods": "@disabled",
        "codes": "shipweapons, airweapons, ship_weapons, air_weapons, Progressive Ship Weapons"
      },
      {
        "img": "images/terran_unit_upgrades/ship_weapons_1.png"
      },
      {
        "img": "images/terran_unit_upgrades/ship_weapons_2.png"
      },
      {
        "img": "images/terran_unit_upgrades/ship_weapons_3.png"
      }
    ]
  },
  {
    "name": "Progressive Ship Armor",
    "type": "progressive",
    "loop": "false",
    "allow_disabled": "false",
    "codes": "shiparmor, airarmor, ship_armor, air_armor, ship_upgrade, air_upgrade, armor_upgrade, Progressive Ship Armor",
    "stages": [
      {
        "img": "images/terran_unit_upgrades/ship_armor_1.png",
        "img_mods": "@disabled",
        "codes": "shiparmor, airarmor, ship_armor, air_armor, Progressive Ship Armor"
      },
      {
        "img": "images/terran_unit_upgrades/ship_armor_1.png"
      },
      {
        "img": "images/terran_unit_upgrades/ship_armor_2.png"
      },
      {
        "img": "images/terran_unit_upgrades/ship_armor_3.png"
      }
    ]
  },
  {
    "name": "Ultra-Capacitors",
    "type": "toggle",
    "loop": "true",
    "img": "images/terran_unit_upgrades/ultra-capacitors.png",
    "codes": "capacitors, ultra-capacitors, Ultra-Capacitors"
  },
  {
    "name": "Vanadium Plating",
    "type": "toggle",
    "loop": "true",
    "img": "images/terran_unit_upgrades/vanadium_plating.png",
    "codes": "vanadium, plating, vanadium_plating, Vanadium Plating"
  },
  {
    "name": "Bunker",
    "type": "toggle",
    "loop": "true",
    "img": "images/terran_buildings/bunker.png",
    "codes": "bunker, Bunker"
  },
  {
    "name": "Projectile Accelerator (Bunker)",
    "type": "toggle",
    "loop": "true",
    "img": "images/terran_building_upgrades/projectile_accelerator_bunker.png",
    "codes": "bunker_range, projectile_accelerator, Projectile Accelerator (Bunker)"
  },
  {
    "name": "Neosteel Bunker (Bunker)",
    "type": "toggle",
    "loop": "true",
    "img": "images/terran_building_upgrades/neosteel_bunker_bunker.png",
    "codes": "neosteel, neosteel_bunker, bunker_slots, big_bunker, Neosteel Bunker (Bunker)"
  },
  {
    "name": "Shrike Turret (Bunker)",
    "type": "toggle",
    "loop": "true",
    "img": "images/terran_building_upgrades/shrike_turret_bunker.png",
    "codes": "shrike, bunker_turret, bunker_gun, shrike_turret, Shrike Turret (Bunker)"
  },
  {
    "name": "Fortified Bunker (Bunker)",
    "type": "toggle",
    "loop": "true",
    "img": "images/terran_building_upgrades/fortified_bunker_bunker.png",
    "codes": "fortified_bunker, tough_bunker, strong_bunker, bunker_health, Fortified Bunker (Bunker)"
  },
  {
    "name": "Missile Turret",
    "type": "toggle",
    "loop": "true",
    "img": "images/terran_buildings/missile_turret.png",
    "codes": "missile_turret, Missile Turret"
  },
  {
    "name": "Titanium Housing (Missile Turret)",
    "type": "toggle",
    "loop": "true",
    "img": "images/terran_building_upgrades/titanium_housing_missile_turret.png",
    "codes": "titanium_housing, missile_turret_health, Titanium Housing (Missile Turret)"
  },
  {
    "name": "Hellstorm Batteries (Missile Turret)",
    "type": "toggle",
    "loop": "true",
    "img": "images/terran_building_upgrades/hellstorm_batteries_missile_turret.png",
    "codes": "hellstorm, hellstorm_batteries, Hellstorm Batteries (Missile Turret)"
  },
  {
    "name": "Orbital Command (Building)",
    "type": "toggle",
    "loop": "true",
    "img": "images/terran_building_upgrades/orbital_command_building.png",
    "codes": "orbital, orbital_command, mule, mules, Orbital Command (Building)"
  },
  {
    "name": "Command Center Reactor",
    "type": "toggle",
    "loop": "true",
    "img": "images/terran_building_upgrades/command_center_reactor.png",
    "codes": "twoscvs, command_center_reactor, Command Center Reactor"
  },
  {
    "name": "Planetary Fortress",
    "type": "toggle",
    "loop": "true",
    "img": "images/terran_building_upgrades/planetary_fortress.png",
    "codes": "planetary_fortress, planetaryfortress, planetary, fortress, Planetary Fortress"
  },
  {
    "name": "Advanced Construction (SCV)",
    "type": "toggle",
    "loop": "true",
    "img": "images/terran_unit_upgrades/advanced_construction_scv.png",
    "codes": "multibuild, advanced_construction, Advanced Construction (SCV)"
  },
  {
    "name": "Dual-Fusion Welders (SCV)",
    "type": "toggle",
    "loop": "true",
    "img": "images/terran_unit_upgrades/dual-fusion_welders_scv.png",
    "codes": "welders, fastrepair, scvrepair, Dual-Fusion Welders (SCV)"
  },
  {
    "name": "Micro-Filtering",
    "type": "toggle",
    "loop": "true",
    "img": "images/terran_building_upgrades/micro-filtering.png",
    "codes": "micro-filtering, moregas, Micro-Filtering"
  },
  {
    "name": "Automated Refinery",
    "type": "toggle",
    "loop": "true",
    "img": "images/terran_building_upgrades/automated_refinery.png",
    "codes": "automated_refinery, autorefinery, Automated Refinery"
  },
  {
    "name": "Tech Reactor",
    "type": "toggle",
    "loop": "true",
    "img": "images/terran_building_upgrades/tech_reactor.png",
    "codes": "tech_reactor, techreactor, Tech Reactor"
  },
  {
    "name": "Orbital Depots",
    "type": "toggle",
    "loop": "true",
    "img": "images/terran_building_upgrades/orbital_depots.png",
    "codes": "orbital_depots, orbitaldepots, Orbital Depots"
  },
  {
    "name": "Sensor Towre",
    "type": "toggle",
    "loop": "true",
    "img": "images/terran_buildings/sensor_tower.png",
    "codes": "sensor_tower, sensortower, iseeeverything, Sensor Tower"
  },
  {
    "name": "Perdition Turret",
    "type": "toggle",
    "loop": "true",
    "img": "images/terran_buildings/perdition_turret.png",
    "codes": "perdition_turret, perditionturret, flameturret, Perdition Turret"
  },
  {
    "name": "Hive Mind Emulator",
    "type": "toggle",
    "loop": "true",
    "img": "images/terran_buildings/hive_mind_emulator.png",
    "codes": "hive_mind, emulator, hive_mind_emulator, mindcontrol, Hive Mind Emulator"
  },
  {
    "name": "Psi Disrupter",
    "type": "toggle",
    "loop": "true",
    "img": "images/terran_buildings/psi_disrupter.png",
    "codes": "psi_disrupter, psidisrupter, zergslow, slowzerg, Psi Disrupter"
  },
  {
    "name": "Marine",
    "type": "toggle",
    "loop": "true",
    "img": "images/terran_units/marine.png",
    "codes": "marine, marines, manwithgun, Marine"
  },
  {
    "name": "Stimpack (Marine)",
    "type": "progressive",
    "loop": "false",
    "allow_disabled": "false",
    "stages": [
      {
        "img": "images/terran_unit_upgrades/stimpack.png",
        "img_mods": "@disabled",
        "codes": "marine_stim, marinestim, marine_stimpack, Stimpack (Marine)"
      },
      {
        "img": "images/terran_unit_upgrades/stimpack.png"
      },
      {
        "img": "images/terran_unit_upgrades/super_stimpack.png"
      }
    ]
  },
  {
    "name": "Combat Shield (Marine)",
    "type": "toggle",
    "loop": "true",
    "img": "images/terran_unit_upgrades/combat_shield_marine.png",
    "codes": "marine_combat_shield, combat_shield, marinecombatshield, combatshield, Combat Shield (Marine)"
  },
  {
    "name": "Laser Targeting System (Marine)",
    "type": "toggle",
    "loop": "true",
    "img": "images/terran_unit_upgrades/laser_targeting_system.png",
    "codes": "marine_laser_targeting, marine_targeting, marine_laser, marinetargeting, marinelaser, Laser Targeting System (Marine)"
  },
  {
    "name": "Magrail Munitions (Marine)",
    "type": "toggle",
    "loop": "true",
    "img": "images/terran_unit_upgrades/magrail_munitions.png",
    "codes": "marine_magrail, marinemagrail, marine_magrail_munitions, Magrail Munitions (Marine)"
  },
  {
    "name": "Optimized Logistics (Marine)",
    "type": "toggle",
    "loop": "true",
    "img": "images/terran_unit_upgrades/optimized_logistics.png",
    "codes": "marine_optimized_logistics, marine_logistics, marinelogistics, Optimized Logistics (Marine)"
  },
  {
    "name": "Medic",
    "type": "toggle",
    "loop": "true",
    "img": "images/terran_units/medic.png",
    "codes": "medic, healer, Medic"
  },
  {
    "name": "Advanced Medic Facilities (Medic)",
    "type": "toggle",
    "loop": "true",
    "img": "images/terran_unit_upgrades/advanced_medic_facilities_medic.png",
    "codes": "advanced_medic_facilities, advancedmedicfacilities, medicfacilities, medic_facilities, Advanced Medic Facilities (Medic)"
  },
  {
    "name": "Stabilizer Medpacks (Medic)",
    "type": "toggle",
    "loop": "true",
    "img": "images/terran_unit_upgrades/stabilizer_medpacks_medic.png",
    "codes": "stabilizer_medpacks, medpacks, medichealing, medic_healing, Stabilizer Medpacks (Medic)"
  },
  {
    "name": "Restoration (Medic)",
    "type": "toggle",
    "loop": "true",
    "img": "images/terran_unit_upgrades/restoration_medic.png",
    "codes": "restoration, medic_restoration, medicrestoration, Restoration (Medic)"
  },
  {
    "name": "Optical Flare (Medic)",
    "type": "toggle",
    "loop": "true",
    "img": "images/terran_unit_upgrades/optical_flare_medic.png",
    "codes": "optical_flare, opticalflare, medic_flare, medicflare, Optical Flare (Medic)"
  },
  {
    "name": "Optimized Logistics (Medic)",
    "type": "toggle",
    "loop": "true",
    "img": "images/terran_unit_upgrades/optimized_logistics.png",
    "codes": "medic_optimized_logistics, medic_logistics, mediclogistics, Optimized Logistics (Medic)"
  },
  {
    "name": "Firebat",
    "type": "toggle",
    "loop": "true",
    "img": "images/terran_units/firebat.png",
    "codes": "firebat, flamethrower, Firebat"
  },
  {
    "name": "Incinerator Gauntlets (Firebat)",
    "type": "toggle",
    "loop": "true",
    "img": "images/terran_unit_upgrades/incinerator_gauntlets_firebat.png",
    "codes": "incinerator_gauntlets, incineratorgauntlets, firebatgauntlets, firebat_gauntlets, Incinerator Gauntlets (Firebat)"
  },
  {
    "name": "Juggernaut Plating (Firebat)",
    "type": "toggle",
    "loop": "true",
    "img": "images/terran_unit_upgrades/juggernaut_plating_firebat.png",
    "codes": "juggernaut_plating, juggernautplating, firebat_armor, firebatarmor, firebatplating, firebat_plating, Juggernaut Plating (Firebat)"
  },
  {
    "name": "Stimpack (Firebat)",
    "type": "progressive",
    "loop": "false",
    "allow_disabled": "false",
    "stages": [
      {
        "img": "images/terran_unit_upgrades/stimpack.png",
        "img_mods": "@disabled",
        "codes": "firebat_stim, firebatstim, firebat_stimpack, Stimpack (Firebat)"
      },
      {
        "img": "images/terran_unit_upgrades/stimpack.png"
      },
      {
        "img": "images/terran_unit_upgrades/super_stimpack.png"
      }
    ]
  },
  {
    "name": "Optimized Logistics (Firebat)",
    "type": "toggle",
    "loop": "true",
    "img": "images/terran_unit_upgrades/optimized_logistics.png",
    "codes": "firebat_optimized_logistics, firebat_logistics, firebatlogistics, Optimized Logistics (Firebat)"
  },
  {
    "name": "Marauder",
    "type": "toggle",
    "loop": "true",
    "img": "images/terran_units/marauder.png",
    "codes": "marauder, bigbadaboom, Marauder"
  },
  {
    "name": "Concussive Shells (Marauder)",
    "type": "toggle",
    "loop": "true",
    "img": "images/terran_unit_upgrades/concussive_shells_marauder.png",
    "codes": "concussive_shells, concussiveshells, marauderslow, marauder_slow, Concussive Shells (Marauder)"
  },
  {
    "name": "Kinetic Foam (Marauder)",
    "type": "toggle",
    "loop": "true",
    "img": "images/terran_unit_upgrades/kinetic_foam_marauder.png",
    "codes": "kinetic_foam, kineticfoam, marauderhealth, marauder_health, Kinetic Foam (Marauder)"
  },
  {
    "name": "Stimpack (Marauder)",
    "type": "progressive",
    "loop": "false",
    "allow_disabled": "false",
    "stages": [
      {
        "img": "images/terran_unit_upgrades/stimpack.png",
        "img_mods": "@disabled",
        "codes": "marauder_stim, marauderstim, marauder_stimpack, Stimpack (Marauder)"
      },
      {
        "img": "images/terran_unit_upgrades/stimpack.png"
      },
      {
        "img": "images/terran_unit_upgrades/super_stimpack.png"
      }
    ]
  },
  {
    "name": "Laser Targeting System (Marauder)",
    "type": "toggle",
    "loop": "true",
    "img": "images/terran_unit_upgrades/laser_targeting_system.png",
    "codes": "marauder_laser_targeting, marauder_targeting, marauder_laser, maraudertargeting, marauderlaser, Laser Targeting System (Marauder)"
  },
  {
    "name": "Magrail Munitions (Marauder)",
    "type": "toggle",
    "loop": "true",
    "img": "images/terran_unit_upgrades/magrail_munitions.png",
    "codes": "marauder_magrail, maraudermagrail, marauder_magrail_munitions, Magrail Munitions (Marauder)"
  },
  {
    "name": "Internal Tech Module (Marauder)",
    "type": "toggle",
    "loop": "true",
    "img": "images/terran_unit_upgrades/internal_tech_module.png",
    "codes": "marauder_internal_tech_module, marauder_tech_module, marauder_tech, maraudertech, Internal Tech Module (Marauder)"
  },
  {
    "name": "Reaper",
    "type": "toggle",
    "loop": "true",
    "img": "images/terran_units/reaper.png",
    "codes": "reaper, reapers, jetpack, Reaper"
  },
  {
    "name": "U-238 Rounds (Reaper)",
    "type": "toggle",
    "loop": "true",
    "img": "images/terran_unit_upgrades/u-238_rounds_reaper.png",
    "codes": "reaperrounds, u-238, reaper_rounds, reaper_damage, reaperdamage, u-238_rounds, u238, U-238 Rounds (Reaper)"
  },
  {
    "name": "G-4 Clusterbomb (Reaper)",
    "type": "toggle",
    "loop": "true",
    "img": "images/terran_unit_upgrades/g-4_clusterbomb_reaper.png",
    "codes": "reaperbomb, g4, g-4, clusterbomb, reaper_bomb, g-4_clusterbomb, G-4 Clusterbomb (Reaper)"
  },
  {
    "name": "Stimpack (Reaper)",
    "type": "progressive",
    "loop": "false",
    "allow_disabled": "false",
    "stages": [
      {
        "img": "images/terran_unit_upgrades/stimpack.png",
        "img_mods": "@disabled",
        "codes": "reaper_stim, reaperstim, reaper_stimpack, Stimpack (Reaper)"
      },
      {
        "img": "images/terran_unit_upgrades/stimpack.png"
      },
      {
        "img": "images/terran_unit_upgrades/super_stimpack.png"
      }
    ]
  },
  {
    "name": "Laser Targeting System (Reaper)",
    "type": "toggle",
    "loop": "true",
    "img": "images/terran_unit_upgrades/laser_targeting_system.png",
    "codes": "reaper_laser_targeting, reaper_targeting, reaper_laser, reapertargeting, reaperlaser, Laser Targeting System (Reaper)"
  },
  {
    "name": "Cloak (Reaper)",
    "type": "toggle",
    "loop": "true",
    "img": "images/terran_unit_upgrades/cloak.png",
    "codes": "reaper_cloak, reapercloak, reaper_invis, reaperinvis, Cloak (Reaper)"
  },
  {
    "name": "Spider Mines (Reaper)",
    "type": "toggle",
    "loop": "true",
    "img": "images/terran_unit_upgrades/spider_mine.png",
    "codes": "reaper_mines, reapermines, reaper_spider_mines, reaperspidermines, Spider Mines (Reaper)"
  },
  {
    "name": "Combat Drugs (Reaper)",
    "type": "toggle",
    "loop": "true",
    "img": "images/terran_unit_upgrades/combat_drugs_reaper.png",
    "codes": "combat_drugs, combatdrugs, reaper_regen, reaperregen, reaperhealing, reaper_healing, Combat Drugs (Reaper)"
  },
  {
    "name": "Ghost",
    "type": "toggle",
    "loop": "true",
    "img": "images/terran_units/ghost.png",
    "codes": "ghost, ghosts, Ghost"
  },
  {
    "name": "Ocular Implants (Ghost)",
    "type": "toggle",
    "loop": "true",
    "img": "images/terran_unit_upgrades/ocular_implants_ghost.png",
    "codes": "ghosteyes, ghost_eyes, ocular_implants, ghostrange, ghost_range, Ocular Implants (Ghost)"
  },
  {
    "name": "Crius Suit (Ghost)",
    "type": "toggle",
    "loop": "true",
    "img": "images/terran_unit_upgrades/crius_suit_ghost.png",
    "codes": "crius_suit, crius, ghostcloak, ghost_cloak, Crius Suit (Ghost)"
  },
  {
    "name": "EMP Rounds (Ghost)",
    "type": "toggle",
    "loop": "true",
    "img": "images/terran_unit_upgrades/emp_rounds_ghost.png",
    "codes": "ghostrounds, emp_rounds, emprounds, ghost_rounds, EMP Rounds (Ghost)"
  },
  {
    "name": "Lockdown (Ghost)",
    "type": "toggle",
    "loop": "true",
    "img": "images/terran_unit_upgrades/lockdown_ghost.png",
    "codes": "lockdown, ghostlockdown, ghost_lockdown, ghoststun, ghost_stun, Lockdown (Ghost)"
  },
  {
    "name": "Spectre",
    "type": "toggle",
    "loop": "true",
    "img": "images/terran_units/spectre.png",
    "codes": "spectre, spectres, Spectre"
  },
  {
    "name": "Psionic Lash (Spectre)",
    "type": "toggle",
    "loop": "true",
    "img": "images/terran_unit_upgrades/psionic_lash_spectre.png",
    "codes": "spectrelash, spectre_lash, lash, spectre_psionic_lash, spectrepsioniclash, psionic_lash, psioniclash, Psionic Lash (Spectre)"
  },
  {
    "name": "Nyx-Class Cloaking Module (Spectre)",
    "type": "toggle",
    "loop": "true",
    "img": "images/terran_unit_upgrades/nyx-class_cloaking_module_spectre.png",
    "codes": "nyx-class, nyx, spectrecloak, spectre_cloak, Nyx-Class Cloaking Module (Spectre)"
  },
  {
    "name": "Impaler Rounds (Spectre)",
    "type": "toggle",
    "loop": "true",
    "img": "images/terran_unit_upgrades/impaler_rounds_spectre.png",
    "codes": "spectrerounds, impaler_rounds, impalerrounds, spectre_rounds, Impaler Rounds (Spectre)"
  },
  {
    "name": "Hellion",
    "type": "toggle",
    "loop": "true",
    "img": "images/terran_units/hellion.png",
    "codes": "hellion, hellions, atvs, fourwheeler, atv, Hellion"
  },
  {
    "name": "Twin-Linked Flamethrower (Hellion)",
    "type": "toggle",
    "loop": "true",
    "img": "images/terran_unit_upgrades/twin-linked_flamethrower_hellion.png",
    "codes": "twinlink, twin-link, hellionwidth, hellion_width, Twin-Linked Flamethrower (Hellion)"
  },
  {
    "name": "Thermite Filaments (Hellion)",
    "type": "toggle",
    "loop": "true",
    "img": "images/terran_unit_upgrades/thermite_filaments_hellion.png",
    "codes": "blue_flame, blueflame, thermite, thermite_filaments, thermitefilaments, Thermite Filaments (Hellion)"
  },
  {
    "name": "Hellbat Aspect (Hellion)",
    "type": "toggle",
    "loop": "true",
    "img": "images/terran_unit_upgrades/hellbat_aspect_hellion.png",
    "codes": "hellbat, hellbat_aspect, hellbataspect, hellbats, Hellbat Aspect (Hellion)"
  },
  {
    "name": "Smart Servos (Hellion)",
    "type": "toggle",
    "loop": "true",
    "img": "images/terran_unit_upgrades/smart_servos.png",
    "codes": "hellion_servos, hellionservos, hellion_fastmorph, hellionfastmorph, Smart Servos (Hellion)"
  },
  {
    "name": "Optimized Logistics (Hellion)",
    "type": "toggle",
    "loop": "true",
    "img": "images/terran_unit_upgrades/optimized_logistics.png",
    "codes": "hellion_optimized_logistics, hellion_logistics, hellionlogistics, Optimized Logistics (Hellion)"
  },
  {
    "name": "Jump Jets (Hellion)",
    "type": "toggle",
    "loop": "true",
    "img": "images/terran_unit_upgrades/jump_jets.png",
    "codes": "hellion_jump_jets, hellion_jump, hellionjump, hellion_jets, hellionjets, Jump Jets (Hellion)"
  },
  {
    "name": "Stimpack (Hellion)",
    "type": "progressive",
    "loop": "false",
    "allow_disabled": "false",
    "stages": [
      {
        "img": "images/terran_unit_upgrades/stimpack.png",
        "img_mods": "@disabled",
        "codes": "hellion_stim, hellionstim, hellion_stimpack, Stimpack (Hellion)"
      },
      {
        "img": "images/terran_unit_upgrades/stimpack.png"
      },
      {
        "img": "images/terran_unit_upgrades/super_stimpack.png"
      }
    ]
  },
  {
    "name": "Vulture",
    "type": "toggle",
    "loop": "true",
    "img": "images/terran_units/vulture.png",
    "codes": "vulture, vultures, bike, hoverbike, Vulture"
  },
  {
    "name": "Replenishable Magazine (Vulture)",
    "type": "toggle",
    "loop": "true",
    "img": "images/terran_unit_upgrades/replenishable_magazine_vulture.png",
    "codes": "vulture_reload, vulturereload, replenishable_magazine, vulture_magazine, vulturemagazine, Replenishable Magazine (Vulture)"
  },
  {
    "name": "Ion Thrusters (Vulture)",
    "type": "toggle",
    "loop": "true",
    "img": "images/terran_unit_upgrades/ion_thrusters_vulture.png",
    "codes": "vulture_speed, vulturespeed, ion_thrusters, vulture_thrusters, vulturethrusters, Ion Thrusters (Vulture)"
  },
  {
    "name": "Auto Launchers (Vulture)",
    "type": "toggle",
    "loop": "true",
    "img": "images/terran_unit_upgrades/auto_launchers_vulture.png",
    "codes": "vulture_launchers, vulturelaunchers, auto_launchers, Auto Launchers (Vulture)"
  },
  {
    "name": "Cerberus Mine (Spider Mine)",
    "type": "toggle",
    "loop": "true",
    "img": "images/terran_unit_upgrades/cerberus_mine_spider_mine.png",
    "codes": "cerberus_mine, cerberusmine, Cerberus Mine (Spider Mine)"
  },
  {
    "name": "High Explosive Munition (Spider Mine)",
    "type": "toggle",
    "loop": "true",
    "img": "images/terran_unit_upgrades/high_explosive_munition_spider_mine.png",
    "codes": "high_explosive_munition, spider_mine_munition, highexplosivespider, High Explosive Munition (Spider Mine)"
  },
  {
    "name": "Goliath",
    "type": "toggle",
    "loop": "true",
    "img": "images/terran_units/goliath.png",
    "codes": "goliath, goliaths, Goliath"
  },
  {
    "name": "Multi-Lock Weapons System (Goliath)",
    "type": "toggle",
    "loop": "true",
    "img": "images/terran_unit_upgrades/multi-lock_weapons_system_goliath.png",
    "codes": "goliath_multilock, goliathmultilock, goliath_multi, goliathmulti, Multi-Lock Weapons System (Goliath)"
  },
  {
    "name": "Ares-Class Targeting System (Goliath)",
    "type": "toggle",
    "loop": "true",
    "img": "images/terran_unit_upgrades/ares-class_targeting_system_goliath.png",
    "codes": "ares_class, aresclass, ares, goliath_targeting, goliathtargeting, goliath_range, goliathrange, Ares-Class Targeting System (Goliath)"
  },
  {
    "name": "Jump Jets (Goliath)",
    "type": "toggle",
    "loop": "true",
    "img": "images/terran_unit_upgrades/jump_jets.png",
    "codes": "goliath_jump_jets, goliath_jump, goliathjump, goliath_jets, goliathjets, Jump Jets (Goliath)"
  },
  {
    "name": "Optimized Logistics (Goliath)",
    "type": "toggle",
    "loop": "true",
    "img": "images/terran_unit_upgrades/optimized_logistics.png",
    "codes": "goliath_optimized_logistics, goliath_logistics, goliathlogistics, Optimized Logistics (Goliath)"
  },
  {
    "name": "Diamondback",
    "type": "toggle",
    "loop": "true",
    "img": "images/terran_units/diamondback.png",
    "codes": "diamondback, diamondbacks, dback, dbacks, hovertank, Diamondback"
  },
  {
    "name": "Tri-Lithium Power Cell (Diamondback)",
    "type": "toggle",
    "loop": "true",
    "img": "images/terran_unit_upgrades/tri-lithium_power_cell_diamondback.png",
    "codes": "diamondbackpower, diamondback_power, trilithium, dbackpower, dback_power, dbackrange, dback_range, Tri-Lithium Power Cell (Diamondback)"
  },
  {
    "name": "Shaped Hull (Diamondback)",
    "type": "toggle",
    "loop": "true",
    "img": "images/terran_unit_upgrades/shaped_hull.png",
    "codes": "diamondbackhealth, diamondback_health, diamondback_shaped_hull, dbackhealth, dback_health, Shaped Hull (Diamondback)"
  },
  {
    "name": "Hyperfluxor (Diamondback)",
    "type": "toggle",
    "loop": "true",
    "img": "images/terran_unit_upgrades/hyperfluxor_diamondback.png",
    "codes": "diamondbackspeed, diamondback_speed, hyperfluxor, dbackspeed, dback_speed, Hyperfluxor (Diamondback)"
  },
  {
    "name": "Burst Capacitors (Diamondback)",
    "type": "toggle",
    "loop": "true",
    "img": "images/terran_unit_upgrades/burst_capacitors_diamondback.png",
    "codes": "diamondbackburst, diamondback_burst, burst_capacitors, dbackburst, dback_burst, Burst Capacitors (Diamondback)"
  },
  {
    "name": "Optimized Logistics (Diamondback)",
    "type": "toggle",
    "loop": "true",
    "img": "images/terran_unit_upgrades/optimized_logistics.png",
    "codes": "diamondback_optimized_logistics, diamondback_logistics, diamondbacklogistics, dback_optimized_logistics, dback_logistics, dbacklogistics, Optimized Logistics (Diamondback)"
  },
  {
    "name": "Siege Tank",
    "type": "toggle",
    "loop": "true",
    "img": "images/terran_units/siege_tank.png",
    "codes": "siegetank, siegetanks, siege_tank, siege_tanks, Siege Tank"
  },
  {
    "name": "Maelstrom Rounds (Siege Tank)",
    "type": "toggle",
    "loop": "true",
    "img": "images/terran_unit_upgrades/maelstrom_rounds_siege_tank.png",
    "codes": "maelstrom_rounds, siegetankdamage, siege_tank_damage, siegetankrounds, siege_tank_rounds, Maelstrom Rounds (Siege Tank)"
  },
  {
    "name": "Shaped Blast (Siege Tank)",
    "type": "toggle",
    "loop": "true",
    "img": "images/terran_unit_upgrades/shaped_blast_siege_tank.png",
    "codes": "shaped_blast, shapedblast, siegetankshaped, siege_tank_shaped, siegetankshapedblast, siege_tank_shaped_blast, Shaped Blast (Siege Tank)"
  },
  {
    "name": "Jump Jets (Siege Tank)",
    "type": "toggle",
    "loop": "true",
    "img": "images/terran_unit_upgrades/jump_jets.png",
    "codes": "siege_tank_jump_jets, siege_tank_jump, siegetankjump, siege_tank_jets, siegetankjets, Jump Jets (Siege Tank)"
  },
  {
    "name": "Spider Mines (Siege Tank)",
    "type": "toggle",
    "loop": "true",
    "img": "images/terran_unit_upgrades/spider_mines.png",
    "codes": "siege_tank_mines, siegetankmines, siege_tank_spider_mines, siegetankspidermines, Spider Mines (Siege Tank)"
  },
  {
    "name": "Smart Servos (Siege Tank)",
    "type": "toggle",
    "loop": "true",
    "img": "images/terran_unit_upgrades/smart_servos.png",
    "codes": "siege_tank_servos, siegetankservos, siege_tank_fastmorph, siegetankfastmorph, Smart Servos (Siege Tank)"
  },
  {
    "name": "Graduating Range (Siege Tank)",
    "type": "toggle",
    "loop": "true",
    "img": "images/terran_unit_upgrades/graduating_range_siege_tank.png",
    "codes": "siege_tank_range, siegetankrange, siege_tank_graduating_range, siegetankgraduatingrange, Graduating Range (Siege Tank)"
  },
  {
    "name": "Laser Targeting System (Siege Tank)",
    "type": "toggle",
    "loop": "true",
    "img": "images/terran_unit_upgrades/laser_targeting_system.png",
    "codes": "siege_tank_laser_targeting, siege_tank_targeting, siege_tank_laser, siegetanktargeting, siegetanklaser, Laser Targeting System (Siege Tank)"
  },
  {
    "name": "Advanced Siege Tech (Siege Tank)",
    "type": "toggle",
    "loop": "true",
    "img": "images/terran_unit_upgrades/advanced_siege_tech_siege_tank.png",
    "codes": "siege_tank_advanced, siegetankadvanced, siege_tank_advanced_siege_tech, siegetankadvancedsiegetech, Advanced Siege Tech (Siege Tank)"
  },
  {
    "name": "Internal Tech Module (Siege Tank)",
    "type": "toggle",
    "loop": "true",
    "img": "images/terran_unit_upgrades/internal_tech_module.png",
    "codes": "siege_tank_internal_tech_module, siege_tank_tech_module, siege_tank_tech, siegetanktech, Internal Tech Module (Siege Tank)"
  },
  {
    "name": "Thor",
    "type": "toggle",
    "loop": "true",
    "img": "images/terran_units/thor.png",
    "codes": "thor, thors, ahnold, Thor"
  },
  {
    "name": "330mm Barrage Cannon (Thor)",
    "type": "toggle",
    "loop": "true",
    "img": "images/terran_unit_upgrades/330mm_barrage_cannon_thor.png",
    "codes": "thorcannon, thor_cannon, thor_barrage, thorbarrage, 330mm, thor_330mm_barrage_cannon, 330mm Barrage Cannon (Thor)"
  },
  {
    "name": "Immortality Protocol (Thor)",
    "type": "toggle",
    "loop": "true",
    "img": "images/terran_unit_upgrades/immortality_protocol_thor.png",
    "codes": "thorimmortality, thor_immortality, immortality, immortality_protocol, thor_immortality_protocol, Immortality Protocol (Thor)"
  },
  {
    "name": "Progressive High Impact Payload (Thor)",
    "type": "progressive",
    "loop": "false",
    "allow_disabled": "false",
    "stages": [
      {
        "img": "images/terran_unit_upgrades/high_impact_payload_thor.png",
        "img_mods": "@disabled",
        "codes": "thor_servos, thorservos, thor_fastmorph, thorfastmorph, thor_payload, thorpayload, thor_high_impact_payload, thorhighimpactpayload, Progressive High Impact Payload (Thor)"
      },
      {
        "img": "images/terran_unit_upgrades/high_impact_payload_thor.png"
      },
      {
        "img": "images/terran_unit_upgrades/smart_servos.png"
      }
    ]
  },
  {
    "name": "Predator",
    "type": "toggle",
    "loop": "true",
    "img": "images/terran_units/predator.png",
    "codes": "predator, predators, Predator"
  },
  {
    "name": "Optimized Logistics (Predator)",
    "type": "toggle",
    "loop": "true",
    "img": "images/terran_unit_upgrades/optimized_logistics.png",
    "codes": "predator_optimized_logistics, predator_logistics, predatorlogistics, Optimized Logistics (Predator)"
  },
  {
    "name": "Widow Mine",
    "type": "toggle",
    "loop": "true",
    "img": "images/terran_units/widow_mine.png",
    "codes": "widow_mine, widow_mines, widowmine, widowmines, Widow Mine"
  },
  {
    "name": "Drilling Claws (Widow Mine)",
    "type": "toggle",
    "loop": "true",
    "img": "images/terran_unit_upgrades/drilling_claws_widow_mine.png",
    "codes": "widow_mine_claws, widow_mine_drilling_claws, widowmineclaws, widowminedrillingclaws, Drilling Claws (Widow Mine)"
  },
  {
    "name": "Concealment (Widow Mine)",
    "type": "toggle",
    "loop": "true",
    "img": "images/terran_unit_upgrades/concealment_widow_mine.png",
    "codes": "widow_mine_concealment, widowmineconcealment, Concealment (Widow Mine)"
  },
  {
    "name": "Black Market Launchers (Widow Mine)",
    "type": "toggle",
    "loop": "true",
    "img": "images/terran_unit_upgrades/black_market_launchers_widow_mine.png",
    "codes": "widow_mine_launchers, widowminelaunchers, widow_mine_black_market_launchers, Black Market Launchers (Widow Mine)"
  },
  {
    "name": "Executioner Missiles (Widow Mine)",
    "type": "toggle",
    "loop": "true",
    "img": "images/terran_unit_upgrades/executioner_missiles_widow_mine.png",
    "codes": "widow_mine_missiles, widowminemissiles, widow_mine_executioner_missiles, Executioner Missiles (Widow Mine)"
  },
  {
    "name": "Cyclone",
    "type": "toggle",
    "loop": "true",
    "img": "images/terran_units/cyclone.png",
    "codes": "cyclone, cyclones, Cyclone"
  },
  {
    "name": "Mag-Field Accelerators (Cyclone)",
    "type": "toggle",
    "loop": "true",
    "img": "images/terran_unit_upgrades/mag-field_accelerators_cyclone.png",
    "codes": "cyclone_magfield_accelerators, cyclone_accelerators, cycloneaccelerators, cyclone_mag-field_accelerators, Mag-Field Accelerators (Cyclone)"
  },
  {
    "name": "Mag-Field Launchers (Cyclone)",
    "type": "toggle",
    "loop": "true",
    "img": "images/terran_unit_upgrades/mag-field_launchers_cyclone.png",
    "codes": "cyclone_magfield_launchers, cyclonemagfieldlaunchers, cyclone_mag-field_launchers, Mag-Field Launchers (Cyclone)"
  },
  {
    "name": "Targeting Optics (Cyclone)",
    "type": "toggle",
    "loop": "true",
    "img": "images/terran_unit_upgrades/targeting_optics_cyclone.png",
    "codes": "cycloneoptics, cyclonetargeting, cyclone_optics, cyclone_targeting, cyclone_targeting_optics, Targeting Optics (Cyclone)"
  },
  {
    "name": "Rapid Fire Launchers (Cyclone)",
    "type": "toggle",
    "loop": "true",
    "img": "images/terran_unit_upgrades/rapid_fire_launchers_cyclone.png",
    "codes": "cyclonerapidfire, cyclone_rapid_fire, cyclone_rapid_fire_launchers, Rapid Fire Launchers (Cyclone)"
  },
  {
    "name": "Medivac",
    "type": "toggle",
    "loop": "true",
    "img": "images/terran_units/medivac.png",
    "codes": "medivac, medivacs, healbus, Medivac"
  },
  {
    "name": "Rapid Deployment Tube (Medivac)",
    "type": "toggle",
    "loop": "true",
    "img": "images/terran_unit_upgrades/rapid_deployment_tube_medivac.png",
    "codes": "medivactube, medivac_tube, medivac_rapid_deployment_tube, Rapid Deployment Tube (Medivac)"
  },
  {
    "name": "Advanced Healing AI (Medivac)",
    "type": "toggle",
    "loop": "true",
    "img": "images/terran_unit_upgrades/advanced_healing_ai_medivac.png",
    "codes": "medivacai, medivac_ai, medivacdualheal, medivac_dual_heal, medivac_advanced_healing_ai, Advanced Healing AI (Medivac)"
  },
  {
    "name": "Expanded Hull (Medivac)",
    "type": "toggle",
    "loop": "true",
    "img": "images/terran_unit_upgrades/expanded_hull_medivac.png",
    "codes": "medivachull, medivac_hull, medivaccapacity, medivac_capacity, medivac_expanded_hull, Expanded Hull (Medivac)"
  },
  {
    "name": "Afterburners (Medivac)",
    "type": "toggle",
    "loop": "true",
    "img": "images/terran_unit_upgrades/afterburners.png",
    "codes": "medivacspeed, medivac_speed, medivac_afterburners, medivacafterburners, Afterburners (Medivac)"
  },
  {
    "name": "Wraith",
    "type": "toggle",
    "loop": "true",
    "img": "images/terran_units/wraith.png",
    "codes": "wraith, wraiths, Wraith"
  },
  {
    "name": "Tomahawk Power Cells (Wraith)",
    "type": "toggle",
    "loop": "true",
    "img": "images/terran_unit_upgrades/tomahawk_power_cells_wraith.png",
    "codes": "wraithcells, wraith_cells, wraithpower, wraith_power, tomahawk, wraith_tomahawk_power_cells, Tomahawk Power Cells (Wraith)"
  },
  {
    "name": "Displacement Field (Wraith)",
    "type": "toggle",
    "loop": "true",
    "img": "images/terran_unit_upgrades/displacement_field_wraith.png",
    "codes": "wraithdodge, wraith_dodge, wraith_displacement_field, wraithdisplacement, wraith_displacement, Displacement Field (Wraith)"
  },
  {
    "name": "Advanced Laser Tech (Wraith)",
    "type": "toggle",
    "loop": "true",
    "img": "images/terran_unit_upgrades/advanced_laser_tech_wraith.png",
    "codes": "wraithlaser, wraithlasers, wraith_laser, wraith_laser, wraith_advanced_laser_tech, Advanced Laser Tech (Wraith)"
  },
  {
    "name": "Viking",
    "type": "toggle",
    "loop": "true",
    "img": "images/terran_units/viking.png",
    "codes": "viking, vikings, Viking"
  },
  {
    "name": "Ripwave Missiles (Viking)",
    "type": "toggle",
    "loop": "true",
    "img": "images/terran_unit_upgrades/ripwave_missiles_viking.png",
    "codes": "vikingmissiles, viking_missiles, vikingripwave, viking_ripwave, viking_ripwave_missiles, Ripwave Missiles (Viking)"
  },
  {
    "name": "Phobos-Class Weapons System (Viking)",
    "type": "toggle",
    "loop": "true",
    "img": "images/terran_unit_upgrades/phobos-class_weapons_system_viking.png",
    "codes": "vikingphobos, viking_phobos, phobos-class, phobos, viking_phobos_class_targeting_system, viking_phobos-class_targeting_system, Phobos-Class Weapons System (Viking)"
  },
  {
    "name": "Smart Servos (Viking)",
    "type": "toggle",
    "loop": "true",
    "img": "images/terran_unit_upgrades/smart_servos.png",
    "codes": "viking_servos, vikingservos, viking_fastmorph, vikingfastmorph, Smart Servos (Viking)"
  },
  {
    "name": "Magrail Munitions (Viking)",
    "type": "toggle",
    "loop": "true",
    "img": "images/terran_unit_upgrades/magrail_munitions.png",
    "codes": "viking_magrail, vikingmagrail, viking_magrail_munitions, Magrail Munitions (Viking)"
  },
  {
    "name": "Banshee",
    "type": "toggle",
    "loop": "true",
    "img": "images/terran_units/banshee.png",
    "codes": "banshee, banshees, Banshee"
  },
  {
    "name": "Progressive Cross-Spectrum Dampeners (Banshee)",
    "type": "progressive",
    "loop": "false",
    "allow_disabled": "false",
    "stages": [
      {
        "img": "images/terran_unit_upgrades/cross-spectrum_dampeners_banshee.png",
        "img_mods": "@disabled",
        "codes": "banshee_dampeners, bansheedampeners, bansheecloak, banshee_cloak, banshee_cross_spectrum_dampeners, banshee_cross-spectrum_dampeners, Cross-Spectrum Dampeners (Banshee), Progressive Cross-Spectrum Dampeners (Banshee)"
      },
      {
        "img": "images/terran_unit_upgrades/cross-spectrum_dampeners_banshee.png"
      },
      {
        "img": "images/terran_unit_upgrades/cloak.png"
      }
    ]
  },
  {
    "name": "Shockwave Missile Battery (Banshee)",
    "type": "toggle",
    "loop": "true",
    "img": "images/terran_unit_upgrades/shockwave_missile_battery_banshee.png",
    "codes": "bansheemissiles, banshee_missiles, bansheeshockwave, banshee_shockwave, banshee_shockwave_missile_battery, Shockwave Missile Battery (Banshee)"
  },
  {
    "name": "Hyperflight Rotors (Banshee)",
    "type": "toggle",
    "loop": "true",
    "img": "images/terran_unit_upgrades/hyperflight_rotors_banshee.png",
    "codes": "bansheespeed, banshee_speed, bansheerotors, banshee_rotors, banshee_hyperflight_rotors, Hyperflight Rotors (Banshee)"
  },
  {
    "name": "Laser Targeting System (Banshee)",
    "type": "toggle",
    "loop": "true",
    "img": "images/terran_unit_upgrades/laser_targeting_system.png",
    "codes": "banshee_laser_targeting, banshee_targeting, banshee_laser, bansheetargeting, bansheelaser, Laser Targeting System (Banshee)"
  },
  {
    "name": "Internal Tech Module (Banshee)",
    "type": "toggle",
    "loop": "true",
    "img": "images/terran_unit_upgrades/internal_tech_module.png",
    "codes": "banshee_internal_tech_module, banshee_tech_module, banshee_tech, bansheetech, Internal Tech Module (Banshee)"
  },
  {
    "name": "Battlecruiser",
    "type": "toggle",
    "loop": "true",
    "img": "images/terran_units/battlecruiser.png",
    "codes": "battlecruiser, battlecruisers, bc, bcs, Battlecruiser"
  },
  {
    "name": "Missile Pods (Battlecruiser)",
    "type": "toggle",
    "loop": "true",
    "img": "images/terran_unit_upgrades/missile_pods_battlecruiser.png",
    "codes": "battlecruiser_missile_pods, battlecruiser_missiles, battlecruisermissiles, bcmissiles, bc_missiles, bcpods, bc_pods, Missile Pods (Battlecruiser)"
  },
  {
    "name": "Defensive Matrix (Battlecruiser)",
    "type": "toggle",
    "loop": "true",
    "img": "images/terran_unit_upgrades/defensive_matrix.png",
    "codes": "battlecruiser_defensive_matrix, battlecruiser_shield, battlecruisershield, bcshield, bc_shield, bcmatrix, bc_matrix, Defensive Matrix (Battlecruiser)"
  },
  {
    "name": "Tactical Jump (Battlecruiser)",
    "type": "toggle",
    "loop": "true",
    "img": "images/terran_unit_upgrades/tactical_jump_battlecruiser.png",
    "codes": "battlecruiser_tactical_jump, battlecruiser_jump, battlecruiserjump, bcjump, bcjump, Tactical Jump (Battlecruiser)"
  },
  {
    "name": "Cloak (Battlecruiser)",
    "type": "toggle",
    "loop": "true",
    "img": "images/terran_unit_upgrades/cloak.png",
    "codes": "battlecruiser_cloak, battlecruisercloak, battlecruiser_invis, battlecruiserinvis, bc_cloak, bccloak, bc_invis, bcinvis, Cloak (Battlecruiser)"
  },
  {
    "name": "ATX Laser Battery (Battlecruiser)",
    "type": "toggle",
    "loop": "true",
    "img": "images/terran_unit_upgrades/special_ordnance.png",
    "codes": "battlecruiser_atx_laser_battery, battlecruiser_laser, battlecruiserlaser, bclaser, bc_laser, battlecruiser_atx, battlecruiseratx, bc_atx, bcatx, ATX Laser Battery (Battlecruiser)"
  },
  {
    "name": "Optimized Logistics (Battlecruiser)",
    "type": "toggle",
    "loop": "true",
    "img": "images/terran_unit_upgrades/optimized_logistics.png",
    "codes": "battlecruiser_optimized_logistics, battlecruiser_logistics, battlecruiserlogistics, bc_logistics, bclogistics, Optimized Logistics (Battlecruiser)"
  },
  {
    "name": "Internal Tech Module (Battlecruiser)",
    "type": "toggle",
    "loop": "true",
    "img": "images/terran_unit_upgrades/internal_tech_module.png",
    "codes": "battlecruiser_internal_tech_module, battlecruiser_tech_module, battlecruiser_tech, battlecruisertech, bctech, bc_tech, Internal Tech Module (Battlecruiser)"
  },
  {
    "name": "Raven",
    "type": "toggle",
    "loop": "true",
    "img": "images/terran_units/raven.png",
    "codes": "raven, ravens, Raven"
  },
  {
    "name": "Bio Mechanical Repair Drone (Raven)",
    "type": "toggle",
    "loop": "true",
    "img": "images/terran_unit_upgrades/bio_mechanical_repair_drone_raven.png",
    "codes": "raven_bio_mechanical_repair_drone, ravenheal, raven_heal, raven_drone, ravendrone, Bio Mechanical Repair Drone (Raven)"
  },
  {
    "name": "Spider Mines (Raven)",
    "type": "toggle",
    "loop": "true",
    "img": "images/terran_unit_upgrades/spider_mines.png",
    "codes": "raven_mines, ravenmines, raven_spider_mines, ravenspidermines, Spider Mines (Raven)"
  },
  {
    "name": "Railgun Turret (Raven)",
    "type": "toggle",
    "loop": "true",
    "img": "images/terran_unit_upgrades/railgun_turret_raven.png",
    "codes": "raven_railgun_turret, ravenrailgun, raven_railgun, raven_turret, raventurret, Railgun Turret (Raven)"
  },
  {
    "name": "Hunter-Seeker Weapon (Raven)",
    "type": "toggle",
    "loop": "true",
    "img": "images/terran_unit_upgrades/special_ordnance.png",
    "codes": "raven_hunter-seeker_weapon, raven_hunter_seeker_weapon, ravenweapon, raven_weapon, raven_hunter, ravenhunter, Hunter-Seeker Weapon (Raven)"
  },
  {
    "name": "Interference Matrix (Raven)",
    "type": "toggle",
    "loop": "true",
    "img": "images/terran_unit_upgrades/interference_matrix_raven.png",
    "codes": "raven_interference_matrix, raveninterference, raven_interference, raven_matrix, ravenmatrix, Interference Matrix (Raven)"
  },
  {
    "name": "Anti-Armor Missile (Raven)",
    "type": "toggle",
    "loop": "true",
    "img": "images/terran_unit_upgrades/anti-armor_missile_raven.png",
    "codes": "raven_anti-armor_missile, raven_anti_armor_missile, ravenantiarmor, raven_antiarmor, raven_missile, ravenmissile, Anti-Armor Missile (Raven)"
  },
  {
    "name": "Internal Tech Module (Raven)",
    "type": "toggle",
    "loop": "true",
    "img": "images/terran_unit_upgrades/internal_tech_module.png",
    "codes": "raven_internal_tech_module, raven_tech_module, raven_tech, raventech, Internal Tech Module (Raven)"
  },
  {
    "name": "Science Vessel",
    "type": "toggle",
    "loop": "true",
    "img": "images/terran_units/science_vessel.png",
    "codes": "science_vessel, sciencevessel, science, Science Vessel"
  },
  {
    "name": "EMP Shockwave (Science Vessel)",
    "type": "toggle",
    "loop": "true",
    "img": "images/terran_unit_upgrades/emp_shockwave_science_vessel.png",
    "codes": "science_vessel_emp_shockwave, sciencevesselemp, scienceemp, science_vessel_emp, sciencevesselemp, EMP Shockwave (Science Vessel)"
  },
  {
    "name": "Defensive Matrix (Science Vessel)",
    "type": "toggle",
    "loop": "true",
    "img": "images/terran_unit_upgrades/defensive_matrix.png",
    "codes": "science_vessel_defensive_matrix, sciencevesselmatrix, science_vessel_matrix, sciencematrix, science_matrix, scienceshield, science_shield, sciencevesselshield, science_vessel_shield, Defensive Matrix (Science Vessel)"
  },
  {
    "name": "Hercules",
    "type": "toggle",
    "loop": "true",
    "img": "images/terran_units/hercules.png",
    "codes": "hercules, Hercules"
  },
  {
    "name": "Liberator",
    "type": "toggle",
    "loop": "true",
    "img": "images/terran_units/liberator.png",
    "codes": "liberator, liberators, freedom, Liberator"
  },
  {
    "name": "Advanced Ballistics (Liberator)",
    "type": "toggle",
    "loop": "true",
    "img": "images/terran_unit_upgrades/advanced_ballistics_liberator.png",
    "codes": "liberator_advanced_ballistics, liberatorballistics, liberator_ballistics, Advanced Ballistics (Liberator)"
  },
  {
    "name": "Raid Artillery (Liberator)",
    "type": "toggle",
    "loop": "true",
    "img": "images/terran_unit_upgrades/raid_artillery_liberator.png",
    "codes": "liberator_raid_artillery, liberatorraid, liberator_raid, liberatorartillery, liberator_artillery, Raid Artillery (Liberator)"
  },
  {
    "name": "Cloak (Liberator)",
    "type": "toggle",
    "loop": "true",
    "img": "images/terran_unit_upgrades/cloak.png",
    "codes": "liberator_cloak, liberatorcloak, liberator_invis, liberatorinvis, Cloak (Liberator)"
  },
  {
    "name": "Laser Targeting System (Liberator)",
    "type": "toggle",
    "loop": "true",
    "img": "images/terran_unit_upgrades/laser_targeting_system.png",
    "codes": "liberator_laser_targeting, liberator_targeting, liberator_laser, liberatortargeting, liberatorlaser, Laser Targeting System (Liberator)"
  },
  {
    "name": "Optimized Logistics (Liberator)",
    "type": "toggle",
    "loop": "true",
    "img": "images/terran_unit_upgrades/optimized_logistics.png",
    "codes": "liberator_optimized_logistics, liberator_logistics, liberatorlogistics, Optimized Logistics (Liberator)"
  },
  {
    "name": "Valkyrie",
    "type": "toggle",
    "loop": "true",
    "img": "images/terran_units/valkyrie.png",
    "codes": "valkyrie, valkyries, valk, Valkyrie"
  },
  {
    "name": "Enhanced Cluster Launchers (Valkyrie)",
    "type": "toggle",
    "loop": "true",
    "img": "images/terran_unit_upgrades/enhanced_cluster_launchers_valkyrie.png",
    "codes": "valkyrie_enhanced_cluster_launchers, valkyrie_launchers, valkyrielaunchers, valk_launchers, valklaunchers, Enhanced Cluster Launchers (Valkyrie)"
  },
  {
    "name": "Shaped Hull (Valkyrie)",
    "type": "toggle",
    "loop": "true",
    "img": "images/terran_unit_upgrades/shaped_hull.png",
    "codes": "valkyriehealth, valkyrie_health, valkyrie_shaped_hull, valkhealth, valk_health, Shaped Hull (Valkyrie)"
  },
  {
    "name": "Burst Lasers (Valkyrie)",
    "type": "toggle",
    "loop": "true",
    "img": "images/terran_unit_upgrades/burst_lasers_valkyrie.png",
    "codes": "valkyrie_burst_lasers, valkyrie_lasers, valkyrielasers, valk_lasers, valklasers, Burst Lasers (Valkyrie)"
  },
  {
    "name": "Afterburners (Valkyrie)",
    "type": "toggle",
    "loop": "true",
    "img": "images/terran_unit_upgrades/afterburners.png",
    "codes": "valkyriespeed, valkyrie_speed, valkyrie_afterburners, valkyrieafterburners, valkspeed, valk_speed, valkafterburners, valk_afterburners, Afterburners (Valkyrie)"
  },
  {
    "name": "War Pigs",
    "type": "toggle",
    "loop": "true",
    "img": "images/terran_units/war_pigs.png",
    "codes": "warpigs, war_pigs, merc_marine, mercmarine, hero_marine, heromarine, War Pigs"
  },
  {
    "name": "Devil Dogs",
    "type": "toggle",
    "loop": "true",
    "img": "images/terran_units/devil_dogs.png",
    "codes": "devildogs, devil_dogs, merc_firebat, mercfirebat, hero_firebat, herofirebat, Devil Dogs"
  },
  {
    "name": "Hammer Securities",
    "type": "toggle",
    "loop": "true",
    "img": "images/terran_units/hammer_securities.png",
    "codes": "hammersecurities, hammer_securities, merc_marauder, mercmarauder, hero_marauder, heromarauder, hammer, Hammer Securities"
  },
  {
    "name": "Spartan Company",
    "type": "toggle",
    "loop": "true",
    "img": "images/terran_units/spartan_company.png",
    "codes": "spartancompany, spartan_company, merc_goliath, mercgoliath, hero_goliath, herogoliath, Spartan Company"
  },
  {
    "name": "Siege Breakers",
    "type": "toggle",
    "loop": "true",
    "img": "images/terran_units/siege_breakers.png",
    "codes": "siegebreakers, siege_breakers, merc_siege_tank, mercsiegetank, hero_siege_tank, herosiegetank, Siege Breakers"
  },
  {
    "name": "Hel's Angel",
    "type": "toggle",
    "loop": "true",
    "img": "images/terran_units/hels_angel.png",
    "codes": "helsangel, hels_angel, merc_viking, mercviking, hero_viking, heroviking, Hel's Angel"
  },
  {
    "name": "Dusk Wings",
    "type": "toggle",
    "loop": "true",
    "img": "images/terran_units/dusk_wings.png",
    "codes": "duskwings, dusk_wings, merc_banshee, mercbanshee, hero_banshee, herobanshee, Dusk Wings"
  },
  {
    "name": "Jackson's Revenge",
    "type": "toggle",
    "loop": "true",
    "img": "images/terran_units/jacksons_revenge.png",
    "codes": "jacksonsrevenge, jacksons_revenge, merc_battlecruiser, mercbattlecruiser, hero_battlecruiser, herobattlecruiser, merc_bc, mercbc, hero_bc, herobc, Jackson's Revenge"
  },
  {
    "name": "Fire-Suppression System (Building)",
    "type": "toggle",
    "loop": "true",
    "img": "images/terran_building_upgrades/fire-suppression_system_building.png",
    "codes": "building_fire-suppression_system, building_fire_suppression_system, fire_suppression, firesuppression, sprinklers, Fire-Suppression System (Building)"
  },
  {
    "name": "Orbital Strike",
    "type": "toggle",
    "loop": "true",
    "img": "images/terran_building_upgrades/orbital_strike.png",
    "codes": "orbital_strike, orbitalstrike, drop_pods, droppods, drop_pod, droppod, Orbital Strike"
  },
  {
    "name": "Cellular Reactor",
    "type": "toggle",
    "loop": "true",
    "img": "images/terran_unit_upgrades/cellular_reactor.png",
    "codes": "cellular_reactor, cellularreactor, Cellular Reactor"
  },
  {
    "name": "Progressive Regenerative Bio-Steel",
    "type": "progressive",
    "loop": "false",
    "allow_disabled": "false",
    "stages": [
      {
        "img": "images/terran_unit_upgrades/regenerative_bio-steel_1.png",
        "img_mods": "@disabled",
        "codes": "biosteel, bio-steel, regenerative_bio-steel, regenerative_bio_steel, Progressive Regenerative Bio-Steel"
      },
      {
        "img": "images/terran_unit_upgrades/regenerative_bio-steel_1.png"
      },
      {
        "img": "images/terran_unit_upgrades/regenerative_bio-steel_2.png"
      }
    ]
  },
  {
    "name": "Zealot",
    "type": "toggle",
    "loop": "true",
    "img": "images/protoss_units/zealot.png",
    "codes": "zealot, zealots, mylifeforaiur, Zealot"
  },
  {
    "name": "Stalker",
    "type": "toggle",
    "loop": "true",
    "img": "images/protoss_units/stalker.png",
    "codes": "stalker, stalkers, Stalker"
  },
  {
    "name": "High Templar",
    "type": "toggle",
    "loop": "true",
    "img": "images/protoss_units/high_templar.png",
    "codes": "high_templar, hightemplar, High Templar"
  },
  {
    "name": "Dark Templar",
    "type": "toggle",
    "loop": "true",
    "img": "images/protoss_units/dark_templar.png",
    "codes": "dark_templar, darktemplar, dt, dts, Dark Templar"
  },
  {
    "name": "Immortal",
    "type": "toggle",
    "loop": "true",
    "img": "images/protoss_units/immortal.png",
    "codes": "immortal, immortals, Immortal"
  },
  {
    "name": "Colossus",
    "type": "toggle",
    "loop": "true",
    "img": "images/protoss_units/colossus.png",
    "codes": "colossus, colossi, ihaveheardtales, Colossus"
  },
  {
    "name": "Phoenix",
    "type": "toggle",
    "loop": "true",
    "img": "images/protoss_units/phoenix.png",
    "codes": "phoenix, phoenixes, phoenices, Phoenix"
  },
  {
    "name": "Void Ray",
    "type": "toggle",
    "loop": "true",
    "img": "images/protoss_units/void_ray.png",
    "codes": "void_ray, void_rays, voidray, voidrays, Void Ray"
  },
  {
    "name": "Carrier",
    "type": "toggle",
    "loop": "true",
    "img": "images/protoss_units/carrier.png",
    "codes": "carrier, carriers, carrierhasarrived, Carrier"
  },
  {
    "name": "Advanced Tactics",
    "type": "toggle",
    "loop": "true",
    "img": "images/options/advanced_tactics.png",
    "codes": "tactics, advanced_tactics, Advanced Tactics"
  },
  {
    "name": "Protoss Missions",
    "type": "toggle",
    "loop": "true",
    "initial_active_state": "true",
    "img": "images/options/protoss_missions.png",
    "codes": "protoss, protoss_missions, protoss_missions_on, Protoss Missions"
  },
  {
    "name": "No-Build Missions",
    "type": "toggle",
    "loop": "true",
    "initial_active_state": "true",
    "img": "images/options/no-build_missions.png",
    "codes": "nobuild, nobuild_missions, nobuild_missions_on, No-Build Missions"
  },
  {
    "name": "Mission Progress Locations",
    "type": "toggle",
    "loop": "true",
    "initial_active_state": "true",
    "img": "images/options/mission_progress_locations.png",
    "codes": "mission_progress_checks, mission_progress_locations, Mission Progress Locations"
  },
  {
    "name": "Bonus Locations",
    "type": "toggle",
    "loop": "true",
    "initial_active_state": "true",
    "img": "images/options/bonus_locations.png",
    "codes": "bonus_checks, bonus_locations, Bonus Locations"
  },
  {
    "name": "Challenge Locations",
    "type": "toggle",
    "loop": "true",
    "initial_active_state": "true",
    "img": "images/options/challenge_locations.png",
    "codes": "challenge_checks, challenge_locations, Challenge Locations"
  },
  {
    "name": "Optional Boss Locations",
    "type": "toggle",
    "loop": "true",
    "initial_active_state": "true",
    "img": "images/options/optional_boss_locations.png",
    "codes": "optional_boss_checks, optional_boss_locations, Optional Boss Locations"
  },
  {
    "name": "All In Map",
    "type": "progressive",
    "loop": "true",
    "allow_disabled": "false",
    "codes": "all_in_map, All In Map",
    "stages": [
      {
        "img": "images/options/all_in_ground.png",
        "codes": "all_in_ground, All In Ground"
      },
      {
        "img": "images/options/all_in_air.png",
        "codes": "all_in_air, All In Air",
        "inherit_codes": "false"
      }
    ]
  }
]
